
> genie@0.1.4 build /Users/shuhei/Projects/genie
> tsc -b tsconfig.build.json

== current macOS debug candidate ==
[0/1] Planning build
Building for debugging...
[0/3] Write swift-version--58304C5D6DBC2206.txt
Build complete! (0.25s)
[0/1] Planning build
Building for production...
[0/3] Write swift-version--58304C5D6DBC2206.txt
[1/3] Write sources
[3/4] Compiling GenieMac ApprovalCard.swift
/Users/shuhei/Projects/genie/apps/genie-macos/Sources/GenieMac/App/JourneyRecorder.swift:216:24: warning: 'CGWindowListCreateImage' was deprecated in macOS 14.0: Please use ScreenCaptureKit instead. [#DeprecatedDeclaration]
214 |         let path = "\(outDir)/\(name).png"
215 |         guard let win = window ?? Self.largestWindow(),
216 |               let cg = CGWindowListCreateImage(
    |                        `- warning: 'CGWindowListCreateImage' was deprecated in macOS 14.0: Please use ScreenCaptureKit instead. [#DeprecatedDeclaration]
217 |                 .null, .optionIncludingWindow, CGWindowID(win.windowNumber),
218 |                 [.boundsIgnoreFraming, .bestResolution]),

/Users/shuhei/Projects/genie/apps/genie-macos/Sources/GenieMac/App/SelfTest.swift:219:28: warning: 'CGWindowListCreateImage' was deprecated in macOS 14.0: Please use ScreenCaptureKit instead. [#DeprecatedDeclaration]
 217 |             }
 218 |             guard let (winID, _, _) = best,
 219 |                   let cg = CGWindowListCreateImage(.null, .optionIncludingWindow, winID, [.boundsIgnoreFraming, .bestResolution])
     |                            `- warning: 'CGWindowListCreateImage' was deprecated in macOS 14.0: Please use ScreenCaptureKit instead. [#DeprecatedDeclaration]
 220 |             else { return nil }
 221 |             let rep = NSBitmapImageRep(cgImage: cg)

/Users/shuhei/Projects/genie/apps/genie-macos/Sources/GenieMac/App/SelfTest.swift:506:28: warning: 'CGWindowListCreateImage' was deprecated in macOS 14.0: Please use ScreenCaptureKit instead. [#DeprecatedDeclaration]
 504 |                 ? [.bestResolution] : [.boundsIgnoreFraming, .nominalResolution]
 505 |             guard let (id, x, y, w, h) = found,
 506 |                   let cg = CGWindowListCreateImage(.null, .optionIncludingWindow, id, opts),
     |                            `- warning: 'CGWindowListCreateImage' was deprecated in macOS 14.0: Please use ScreenCaptureKit instead. [#DeprecatedDeclaration]
 507 |                   shadow || (cg.width == Int(w) && cg.height == Int(h))
 508 |             else { return nil }

/Users/shuhei/Projects/genie/apps/genie-macos/Sources/GenieMac/App/SelfTest.swift:776:21: warning: 'CGWindowListCreateImage' was deprecated in macOS 14.0: Please use ScreenCaptureKit instead. [#DeprecatedDeclaration]
 774 |         settle(0.8)
 775 |         if let big = workspaceWindow,
 776 |            let cg = CGWindowListCreateImage(.null, .optionIncludingWindow, big.id, [.boundsIgnoreFraming, .nominalResolution]) {
     |                     `- warning: 'CGWindowListCreateImage' was deprecated in macOS 14.0: Please use ScreenCaptureKit instead. [#DeprecatedDeclaration]
 777 |             let rep = NSBitmapImageRep(cgImage: cg)
 778 |             if let png = rep.representation(using: .png, properties: [:]) {

/Users/shuhei/Projects/genie/apps/genie-macos/Sources/GenieMac/App/SelfTest.swift:1228:28: warning: 'CGWindowListCreateImage' was deprecated in macOS 14.0: Please use ScreenCaptureKit instead. [#DeprecatedDeclaration]
1226 |             settle(0.6)
1227 |             guard let win = NSApp.windows.first(where: { $0.isVisible && $0.frame.width > 900 }),
1228 |                   let cg = CGWindowListCreateImage(
     |                            `- warning: 'CGWindowListCreateImage' was deprecated in macOS 14.0: Please use ScreenCaptureKit instead. [#DeprecatedDeclaration]
1229 |                     .null, .optionIncludingWindow, CGWindowID(win.windowNumber),
1230 |                     [.boundsIgnoreFraming, .bestResolution]) else { return nil }

/Users/shuhei/Projects/genie/apps/genie-macos/Sources/GenieMac/App/SelfTest.swift:2493:25: warning: call to main actor-isolated instance method 'shot(_:window:)' in a synchronous nonisolated context [#ActorIsolatedCall]
2491 |                 surfaces = NSApp.windows.filter(\.isVisible).count - w0
2492 |                 dockAnswerable = UIProbe.exists("confirmCancel")
2493 |                 _ = rec.shot("04-confirm", window: JourneyRecorder.dockWindow())
     |                         `- warning: call to main actor-isolated instance method 'shot(_:window:)' in a synchronous nonisolated context [#ActorIsolatedCall]
2494 |                 _ = UIProbe.tap("confirmCancel")
2495 |                 // 別の面が残っていたら、それも閉じる（残さないと 120 秒止まる）。

/Users/shuhei/Projects/genie/apps/genie-macos/Sources/GenieMac/App/JourneyRecorder.swift:213:10: note: calls to instance method 'shot(_:window:)' from outside of its actor context are implicitly asynchronous
211 |     /// 測っていた（開始直後の白紙を測ろうとして、地 91.9% と出たのがそれ）。
212 |     @discardableResult
213 |     func shot(_ name: String, window: NSWindow? = nil) -> Bool {
    |          `- note: calls to instance method 'shot(_:window:)' from outside of its actor context are implicitly asynchronous
214 |         let path = "\(outDir)/\(name).png"
215 |         guard let win = window ?? Self.largestWindow(),

/Users/shuhei/Projects/genie/apps/genie-macos/Sources/GenieMac/App/SelfTest.swift:2493:68: warning: call to main actor-isolated static method 'dockWindow()' in a synchronous nonisolated context [#ActorIsolatedCall]
2491 |                 surfaces = NSApp.windows.filter(\.isVisible).count - w0
2492 |                 dockAnswerable = UIProbe.exists("confirmCancel")
2493 |                 _ = rec.shot("04-confirm", window: JourneyRecorder.dockWindow())
     |                                                                    `- warning: call to main actor-isolated static method 'dockWindow()' in a synchronous nonisolated context [#ActorIsolatedCall]
2494 |                 _ = UIProbe.tap("confirmCancel")
2495 |                 // 別の面が残っていたら、それも閉じる（残さないと 120 秒止まる）。

/Users/shuhei/Projects/genie/apps/genie-macos/Sources/GenieMac/App/JourneyRecorder.swift:154:17: note: calls to static method 'dockWindow()' from outside of its actor context are implicitly asynchronous
152 | 
153 |     /// Dock（画面上端の常駐 panel）。level で見分ける。
154 |     static func dockWindow() -> NSWindow? {
    |                 `- note: calls to static method 'dockWindow()' from outside of its actor context are implicitly asynchronous
155 |         NSApp.windows.first { $0.isVisible && $0.level == .statusBar }
156 |     }

/Users/shuhei/Projects/genie/apps/genie-macos/Sources/GenieMac/App/SelfTest.swift:2941:29: warning: 'CGWindowListCreateImage' was deprecated in macOS 14.0: Please use ScreenCaptureKit instead. [#DeprecatedDeclaration]
2939 |                 }
2940 |                 // 窓 id 経由。dark へ切り替えた直後などに nil を返すことがある。
2941 |                 var image = CGWindowListCreateImage(.null, .optionIncludingWindow, win.id,
     |                             `- warning: 'CGWindowListCreateImage' was deprecated in macOS 14.0: Please use ScreenCaptureKit instead. [#DeprecatedDeclaration]
2942 |                                                     [.boundsIgnoreFraming, .bestResolution])
2943 |                 if image == nil {

/Users/shuhei/Projects/genie/apps/genie-macos/Sources/GenieMac/App/SelfTest.swift:2945:29: warning: 'CGWindowListCreateImage' was deprecated in macOS 14.0: Please use ScreenCaptureKit instead. [#DeprecatedDeclaration]
2943 |                 if image == nil {
2944 |                     // 代わりに画面のその領域を撮る。窓の再描画中でもこちらは通ることが多い。
2945 |                     image = CGWindowListCreateImage(rect, .optionOnScreenOnly, kCGNullWindowID, [.bestResolution])
     |                             `- warning: 'CGWindowListCreateImage' was deprecated in macOS 14.0: Please use ScreenCaptureKit instead. [#DeprecatedDeclaration]
2946 |                 }
2947 |                 if let cg = image,

/Users/shuhei/Projects/genie/apps/genie-macos/Sources/GenieMac/App/SelfTest.swift:3577:24: warning: 'CGWindowListCreateImage' was deprecated in macOS 14.0: Please use ScreenCaptureKit instead. [#DeprecatedDeclaration]
3575 |                           width: f.width + pad * 2,
3576 |                           height: f.height + pad * 2)
3577 |         guard let cg = CGWindowListCreateImage(rect, .optionOnScreenOnly, kCGNullWindowID, [.bestResolution]),
     |                        `- warning: 'CGWindowListCreateImage' was deprecated in macOS 14.0: Please use ScreenCaptureKit instead. [#DeprecatedDeclaration]
3578 |               let png = NSBitmapImageRep(cgImage: cg).representation(using: .png, properties: [:]) else {
3579 |             print("SELFTEST_FAIL dockedge: 撮影できない"); exit(2)

/Users/shuhei/Projects/genie/apps/genie-macos/Sources/GenieMac/App/SelfTest.swift:3587:22: warning: 'CGWindowListCreateImage' was deprecated in macOS 14.0: Please use ScreenCaptureKit instead. [#DeprecatedDeclaration]
3585 |         settle(1.0)
3586 |         let without = out.replacingOccurrences(of: ".png", with: "-without.png")
3587 |         if let cg2 = CGWindowListCreateImage(rect, .optionOnScreenOnly, kCGNullWindowID, [.bestResolution]),
     |                      `- warning: 'CGWindowListCreateImage' was deprecated in macOS 14.0: Please use ScreenCaptureKit instead. [#DeprecatedDeclaration]
3588 |            let png2 = NSBitmapImageRep(cgImage: cg2).representation(using: .png, properties: [:]) {
3589 |             try? png2.write(to: URL(fileURLWithPath: without))

/Users/shuhei/Projects/genie/apps/genie-macos/Sources/GenieMac/App/SelfTest.swift:4265:62: warning: conditional downcast from '(json: [String : Any], consumed: Int)?' to '(json: [String : Any], consumed: Int)' does nothing
4263 |         // ① 1 通ぶん届いていなければ nil（エラーにしない）。
4264 |         let full = frame(["type": "context", "payload": ["url": "https://example.com", "title": "T"]])
4265 |         if (try? NativeMessagingHost.decode(full.prefix(3))) as? (json: [String: Any], consumed: Int) != nil {
     |                                                              `- warning: conditional downcast from '(json: [String : Any], consumed: Int)?' to '(json: [String : Any], consumed: Int)' does nothing
4266 |             fail.append("途中のバッファで復号した")
4267 |         }

/Users/shuhei/Projects/genie/apps/genie-macos/Sources/GenieMac/App/SelfTest.swift:4673:34: warning: 'CGWindowListCreateImage' was deprecated in macOS 14.0: Please use ScreenCaptureKit instead. [#DeprecatedDeclaration]
4671 |                 ids.removeAll(); texts.removeAll(); walk(app, 0)
4672 |             } else { fail.append("会議と今日の状況を開けない") }
4673 |             if let png, let cg = CGWindowListCreateImage(.null, .optionIncludingWindow, CGWindowID(w.windowNumber),
     |                                  `- warning: 'CGWindowListCreateImage' was deprecated in macOS 14.0: Please use ScreenCaptureKit instead. [#DeprecatedDeclaration]
4674 |                                                           [.boundsIgnoreFraming, .nominalResolution]) {
4675 |                 try? NSBitmapImageRep(cgImage: cg).representation(using: .png, properties: [:])?

/Users/shuhei/Projects/genie/apps/genie-macos/Sources/GenieMac/App/SelfTest.swift:4944:36: warning: 'CGWindowListCreateImage' was deprecated in macOS 14.0: Please use ScreenCaptureKit instead. [#DeprecatedDeclaration]
4942 |                     let until = Date().addingTimeInterval(0.4)
4943 |                     while Date() < until { CFRunLoopRunInMode(.defaultMode, 0.05, true) }
4944 |                     guard let cg = CGWindowListCreateImage(.null, .optionIncludingWindow, CGWindowID(window.windowNumber), [.boundsIgnoreFraming, .bestResolution]) else {
     |                                    `- warning: 'CGWindowListCreateImage' was deprecated in macOS 14.0: Please use ScreenCaptureKit instead. [#DeprecatedDeclaration]
4945 |                         throw CloudMeetingTranscription.Failure(message: "window capture failed")
4946 |                     }

/Users/shuhei/Projects/genie/apps/genie-macos/Sources/GenieMac/App/SelfTest.swift:5000:77: warning: backward matching of the unlabeled trailing closure is deprecated; label the argument with 'completion' to suppress this warning [#TrailingClosureMatching]
4998 |                 }
4999 |                 let passed = interim > 0 && final > 0 && texts.contains(where: { $0.contains("金曜日") }) && runtime.snapshot() != nil
5000 |                 await withCheckedContinuation { continuation in runtime.end { continuation.resume() } }
     |                                                                             `- warning: backward matching of the unlabeled trailing closure is deprecated; label the argument with 'completion' to suppress this warning [#TrailingClosureMatching]
5001 |                 restore()
5002 |                 guard passed else {

/Users/shuhei/Projects/genie/apps/genie-macos/Sources/GenieMac/RecordingWorkspace/RecordingRuntime.swift:530:10: note: 'end(cloudCompletion:completion:)' declared here
528 | 
529 |     /// 停止して確定。書けた断片は残り、回復候補になる。
530 |     func end(cloudCompletion: ((String, String?) -> Void)? = nil, completion: (() -> Void)? = nil) {
    |          `- note: 'end(cloudCompletion:completion:)' declared here
531 |         drainMixedAudio()
532 |         mixTimer?.invalidate(); mixTimer = nil; mixClock = nil

/Users/shuhei/Projects/genie/apps/genie-macos/Sources/GenieMac/App/SelfTest.swift:5317:28: warning: 'CGWindowListCreateImage' was deprecated in macOS 14.0: Please use ScreenCaptureKit instead. [#DeprecatedDeclaration]
5315 |             }
5316 |             guard winID != 0,
5317 |                   let cg = CGWindowListCreateImage(.null, .optionIncludingWindow, winID, [.boundsIgnoreFraming, .bestResolution])
     |                            `- warning: 'CGWindowListCreateImage' was deprecated in macOS 14.0: Please use ScreenCaptureKit instead. [#DeprecatedDeclaration]
5318 |             else { window.orderOut(nil); window.close(); return nil }
5319 |             let rep = NSBitmapImageRep(cgImage: cg)

/Users/shuhei/Projects/genie/apps/genie-macos/Sources/GenieMac/App/SelfTest.swift:5722:28: warning: 'CGWindowListCreateImage' was deprecated in macOS 14.0: Please use ScreenCaptureKit instead. [#DeprecatedDeclaration]
5720 |         }
5721 |         func shot(_ win: NSWindow) -> [UInt8]? {
5722 |             guard let cg = CGWindowListCreateImage(.null, .optionIncludingWindow, CGWindowID(win.windowNumber),
     |                            `- warning: 'CGWindowListCreateImage' was deprecated in macOS 14.0: Please use ScreenCaptureKit instead. [#DeprecatedDeclaration]
5723 |                                                    [.boundsIgnoreFraming, .nominalResolution]),
5724 |                   cg.width > 4, cg.height > 4 else { return nil }

/Users/shuhei/Projects/genie/apps/genie-macos/Sources/GenieMac/App/SelfTest.swift:5992:21: warning: left side of nil coalescing operator '??' has non-optional type 'Int', so the right side is never used
5990 |             .appendingPathComponent("meetings/screenshot-selftest").path
5991 |         try? FileManager.default.removeItem(atPath: root)
5992 |         guard (size ?? 0) > 1000, isPng else {
     |                     `- warning: left side of nil coalescing operator '??' has non-optional type 'Int', so the right side is never used
5993 |             print("SELFTEST_FAIL screenshot size=\(size ?? 0) isPng=\(isPng)"); exit(2)
5994 |         }

/Users/shuhei/Projects/genie/apps/genie-macos/Sources/GenieMac/App/SelfTest.swift:5993:57: warning: left side of nil coalescing operator '??' has non-optional type 'Int', so the right side is never used
5991 |         try? FileManager.default.removeItem(atPath: root)
5992 |         guard (size ?? 0) > 1000, isPng else {
5993 |             print("SELFTEST_FAIL screenshot size=\(size ?? 0) isPng=\(isPng)"); exit(2)
     |                                                         `- warning: left side of nil coalescing operator '??' has non-optional type 'Int', so the right side is never used
5994 |         }
5995 |         print("SELFTEST_OK screenshot: 実 PNG 保存 bytes=\(size ?? 0) isPng=\(isPng)")

/Users/shuhei/Projects/genie/apps/genie-macos/Sources/GenieMac/App/SelfTest.swift:5995:68: warning: left side of nil coalescing operator '??' has non-optional type 'Int', so the right side is never used
5993 |             print("SELFTEST_FAIL screenshot size=\(size ?? 0) isPng=\(isPng)"); exit(2)
5994 |         }
5995 |         print("SELFTEST_OK screenshot: 実 PNG 保存 bytes=\(size ?? 0) isPng=\(isPng)")
     |                                                              `- warning: left side of nil coalescing operator '??' has non-optional type 'Int', so the right side is never used
5996 |         exit(0)
5997 |     }

/Users/shuhei/Projects/genie/apps/genie-macos/Sources/GenieMac/App/SelfTest.swift:6319:37: warning: 'CGWindowListCreateImage' was deprecated in macOS 14.0: Please use ScreenCaptureKit instead. [#DeprecatedDeclaration]
6317 |             settle(0.3)
6318 |             let id = CGWindowID(max(0, win.windowNumber))
6319 |             guard id != 0, let cg = CGWindowListCreateImage(.null, .optionIncludingWindow, id, [.boundsIgnoreFraming, .bestResolution]),
     |                                     `- warning: 'CGWindowListCreateImage' was deprecated in macOS 14.0: Please use ScreenCaptureKit instead. [#DeprecatedDeclaration]
6320 |                   let png = NSBitmapImageRep(cgImage: cg).representation(using: .png, properties: [:]) else {
6321 |                 fail.append(name); return

/Users/shuhei/Projects/genie/apps/genie-macos/Sources/GenieMac/App/SelfTest.swift:6420:28: warning: 'CGWindowListCreateImage' was deprecated in macOS 14.0: Please use ScreenCaptureKit instead. [#DeprecatedDeclaration]
6418 |                   // golden は logical points で保存する。Retina の物理画素を使うと
6419 |                   // 同じ 220x44pt の窓が 440x88px になり、別の寸法と誤判定される。
6420 |                   let cg = CGWindowListCreateImage(.null, .optionIncludingWindow, winID, [.boundsIgnoreFraming, .nominalResolution]),
     |                            `- warning: 'CGWindowListCreateImage' was deprecated in macOS 14.0: Please use ScreenCaptureKit instead. [#DeprecatedDeclaration]
6421 |                   cg.width == w, cg.height == h
6422 |             else { return nil }

/Users/shuhei/Projects/genie/apps/genie-macos/Sources/GenieMac/App/SelfTest.swift:7112:87: warning: mutation of captured var 'ready' in concurrently-executing code; this is an error in the Swift 6 language mode [#SendableClosureCaptures]
7110 |         }
7111 |         let readyLock = NSLock(); var ready = false
7112 |         listener.stateUpdateHandler = { st in if case .ready = st { readyLock.lock(); ready = true; readyLock.unlock() } }
     |                                                                                       `- warning: mutation of captured var 'ready' in concurrently-executing code; this is an error in the Swift 6 language mode [#SendableClosureCaptures]
7113 |         listener.start(queue: q)
7114 |         var waited = 0

/Users/shuhei/Projects/genie/apps/genie-macos/Sources/GenieMac/App/SelfTest.swift:7159:42: warning: left side of nil coalescing operator '??' has non-optional type 'Int', so the right side is never used
7157 |         let recoverable = scanRecoverable(root: root, active: nil)
7158 | 
7159 |         guard closed == 1, exists, (size ?? 0) > 0, snap.elapsedLabel == "00:05",
     |                                          `- warning: left side of nil coalescing operator '??' has non-optional type 'Int', so the right side is never used
7160 |               recoverable.count == 1, recoverable[0].meetingId == "selftest"
7161 |         else {

/Users/shuhei/Projects/genie/apps/genie-macos/Sources/GenieMac/App/SelfTest.swift:7162:80: warning: left side of nil coalescing operator '??' has non-optional type 'Int', so the right side is never used
7160 |               recoverable.count == 1, recoverable[0].meetingId == "selftest"
7161 |         else {
7162 |             print("SELFTEST_FAIL closed=\(closed) exists=\(exists) size=\(size ?? 0) elapsed=\(snap.elapsedLabel) recoverable=\(recoverable.count)")
     |                                                                                `- warning: left side of nil coalescing operator '??' has non-optional type 'Int', so the right side is never used
7163 |             exit(3)
7164 |         }

/Users/shuhei/Projects/genie/apps/genie-macos/Sources/GenieMac/App/SelfTest.swift:7166:74: warning: left side of nil coalescing operator '??' has non-optional type 'Int', so the right side is never used
7164 |         }
7165 |         try? FileManager.default.removeItem(atPath: root)
7166 |         print("SELFTEST_OK record: closed=\(closed) fragmentBytes=\(size ?? 0) elapsed=\(snap.elapsedLabel) recoverable=\(recoverable.count)")
     |                                                                          `- warning: left side of nil coalescing operator '??' has non-optional type 'Int', so the right side is never used
7167 |         exit(0)
7168 |     }

/Users/shuhei/Projects/genie/apps/genie-macos/Sources/GenieMac/App/SelfTestGlassShots.swift:95:32: warning: 'CGWindowListCreateImage' was deprecated in macOS 14.0: Please use ScreenCaptureKit instead. [#DeprecatedDeclaration]
 93 |                 let f = panel.frame.insetBy(dx: -24, dy: -24)
 94 |                 let rect = CGRect(x: f.minX, y: mainHeight - f.maxY, width: f.width, height: f.height)
 95 |                 guard let cg = CGWindowListCreateImage(rect, .optionOnScreenOnly, kCGNullWindowID, [.nominalResolution]) else {
    |                                `- warning: 'CGWindowListCreateImage' was deprecated in macOS 14.0: Please use ScreenCaptureKit instead. [#DeprecatedDeclaration]
 96 |                     failures.append("\(groundName)/\(stateName)=撮影不可"); continue
 97 |                 }

/Users/shuhei/Projects/genie/apps/genie-macos/Sources/GenieMac/App/SelfTestMarkMotion.swift:30:32: warning: 'CGWindowListCreateImage' was deprecated in macOS 14.0: Please use ScreenCaptureKit instead. [#DeprecatedDeclaration]
28 |                 await pause(0.05)
29 |                 guard let (id, _, _) = SelfTest.dockWindow(),
30 |                       let cg = CGWindowListCreateImage(.null, .optionIncludingWindow, id, [.boundsIgnoreFraming, .nominalResolution]) else { continue }
   |                                `- warning: 'CGWindowListCreateImage' was deprecated in macOS 14.0: Please use ScreenCaptureKit instead. [#DeprecatedDeclaration]
31 |                 let r = region(NSRect(x: 0, y: 0, width: cg.width, height: cg.height)).integral
32 |                 guard let crop = cg.cropping(to: r) else { continue }

/Users/shuhei/Projects/genie/apps/genie-macos/Sources/GenieMac/App/SelfTestMarkMotion.swift:71:25: warning: 'CGWindowListCreateImage' was deprecated in macOS 14.0: Please use ScreenCaptureKit instead. [#DeprecatedDeclaration]
69 |         for k in 0..<2 {   // 目で確かめる用に 2 枚（0.6 秒あけて）
70 |             if let (id, _, _) = SelfTest.dockWindow(),
71 |                let cg = CGWindowListCreateImage(.null, .optionIncludingWindow, id, [.boundsIgnoreFraming, .nominalResolution]),
   |                         `- warning: 'CGWindowListCreateImage' was deprecated in macOS 14.0: Please use ScreenCaptureKit instead. [#DeprecatedDeclaration]
72 |                let png = NSBitmapImageRep(cgImage: cg).representation(using: .png, properties: [:]) {
73 |                 try? png.write(to: URL(fileURLWithPath: NSTemporaryDirectory() + "markmotion-working-\(k).png"))

/Users/shuhei/Projects/genie/apps/genie-macos/Sources/GenieMac/App/SelfTestPermissionCapabilities.swift:24:31: warning: 'CGWindowListCreateImage' was deprecated in macOS 14.0: Please use ScreenCaptureKit instead. [#DeprecatedDeclaration]
 22 |             window.displayIfNeeded()
 23 |             try? await Task.sleep(for: .milliseconds(600))
 24 |             guard let image = CGWindowListCreateImage(.null, .optionIncludingWindow,
    |                               `- warning: 'CGWindowListCreateImage' was deprecated in macOS 14.0: Please use ScreenCaptureKit instead. [#DeprecatedDeclaration]
 25 |                 CGWindowID(window.windowNumber), [.boundsIgnoreFraming, .nominalResolution]),
 26 |                 let data = NSBitmapImageRep(cgImage: image).representation(using: .png, properties: [:]) else {

/Users/shuhei/Projects/genie/apps/genie-macos/Sources/GenieMac/App/SelfTestPermissionHelp.swift:24:31: warning: 'CGWindowListCreateImage' was deprecated in macOS 14.0: Please use ScreenCaptureKit instead. [#DeprecatedDeclaration]
22 |             window.displayIfNeeded()
23 |             try? await Task.sleep(for: .milliseconds(600))
24 |             guard let image = CGWindowListCreateImage(.null, .optionIncludingWindow,
   |                               `- warning: 'CGWindowListCreateImage' was deprecated in macOS 14.0: Please use ScreenCaptureKit instead. [#DeprecatedDeclaration]
25 |                 CGWindowID(window.windowNumber), [.boundsIgnoreFraming, .nominalResolution]),
26 |                 let data = NSBitmapImageRep(cgImage: image).representation(using: .png, properties: [:]) else {

/Users/shuhei/Projects/genie/apps/genie-macos/Sources/GenieMac/App/SelfTestRecordingJourneys.swift:26:28: warning: 'CGWindowListCreateImage' was deprecated in macOS 14.0: Please use ScreenCaptureKit instead. [#DeprecatedDeclaration]
 24 |         func capture(_ name: String) {
 25 |             guard let win = NSApp.windows.first(where: { $0.isVisible && $0 is NSPanel }),
 26 |                   let cg = CGWindowListCreateImage(.null, .optionIncludingWindow, CGWindowID(win.windowNumber), [.boundsIgnoreFraming]),
    |                            `- warning: 'CGWindowListCreateImage' was deprecated in macOS 14.0: Please use ScreenCaptureKit instead. [#DeprecatedDeclaration]
 27 |                   let png = NSBitmapImageRep(cgImage: cg).representation(using: .png, properties: [:]) else {
 28 |                 failures.append("screenshot missing: \(name)"); return

/Users/shuhei/Projects/genie/apps/genie-macos/Sources/GenieMac/App/SelfTestScreenshot.swift:286:24: warning: 'CGWindowListCreateImage' was deprecated in macOS 14.0: Please use ScreenCaptureKit instead. [#DeprecatedDeclaration]
284 |         settle(0.6)
285 |         guard let win = NSApp.windows.first(where: { $0.isVisible && $0.frame.width > 100 }),
286 |               let cg = CGWindowListCreateImage(.null, .optionIncludingWindow, CGWindowID(win.windowNumber),
    |                        `- warning: 'CGWindowListCreateImage' was deprecated in macOS 14.0: Please use ScreenCaptureKit instead. [#DeprecatedDeclaration]
287 |                                                [.boundsIgnoreFraming, .bestResolution]) else {
288 |             print("SCREENSHOT_SHOT_FAIL: HUD 窓が撮れない"); exit(2)

/Users/shuhei/Projects/genie/apps/genie-macos/Sources/GenieMac/App/SelfTestScreenshot.swift:478:28: warning: 'CGWindowListCreateImage' was deprecated in macOS 14.0: Please use ScreenCaptureKit instead. [#DeprecatedDeclaration]
476 |             WindowCoordinator.shared.showVoiceHUD(); settle(0.45)
477 |             guard let win = NSApp.windows.first(where: { $0.isVisible && $0.frame.width > 100 }),
478 |                   let cg = CGWindowListCreateImage(.null, .optionIncludingWindow, CGWindowID(win.windowNumber), [.boundsIgnoreFraming, .bestResolution]),
    |                            `- warning: 'CGWindowListCreateImage' was deprecated in macOS 14.0: Please use ScreenCaptureKit instead. [#DeprecatedDeclaration]
479 |                   let png = NSBitmapImageRep(cgImage: cg).representation(using: .png, properties: [:]) else { report.append("\(name) MISSING"); return }
480 |             try? png.write(to: URL(fileURLWithPath: "\(outDir)/\(name).png"))

/Users/shuhei/Projects/genie/apps/genie-macos/Sources/GenieMac/App/SelfTestScreenshotQuestion.swift:44:25: warning: 'CGWindowListCreateImage' was deprecated in macOS 14.0: Please use ScreenCaptureKit instead. [#DeprecatedDeclaration]
42 |             try? await Task.sleep(for: .milliseconds(300))
43 |             host.layoutSubtreeIfNeeded(); host.displayIfNeeded()
44 |             if let cg = CGWindowListCreateImage(.null, .optionIncludingWindow, CGWindowID(window.windowNumber), [.boundsIgnoreFraming, .nominalResolution]),
   |                         `- warning: 'CGWindowListCreateImage' was deprecated in macOS 14.0: Please use ScreenCaptureKit instead. [#DeprecatedDeclaration]
45 |                let bytes = NSBitmapImageRep(cgImage: cg).representation(using: .png, properties: [:]) {
46 |                 try? bytes.write(to: output.appendingPathComponent(name + ".png"))

/Users/shuhei/Projects/genie/apps/genie-macos/Sources/GenieMac/App/SelfTestSystemShots.swift:51:28: warning: 'CGWindowListCreateImage' was deprecated in macOS 14.0: Please use ScreenCaptureKit instead. [#DeprecatedDeclaration]
 49 |         /// いま出ている窓を書く。どの窓を撮ったかは寸法で言う（絵と付き合わせられるように）。
 50 |         func write(_ name: String, _ win: Win) -> Bool {
 51 |             guard let cg = CGWindowListCreateImage(.null, .optionIncludingWindow, win.id, [.boundsIgnoreFraming, .bestResolution]),
    |                            `- warning: 'CGWindowListCreateImage' was deprecated in macOS 14.0: Please use ScreenCaptureKit instead. [#DeprecatedDeclaration]
 52 |                   let png = NSBitmapImageRep(cgImage: cg).representation(using: .png, properties: [:]) else { return false }
 53 |             try? png.write(to: URL(fileURLWithPath: "\(outDir)/\(name).png"))

/Users/shuhei/Projects/genie/apps/genie-macos/Sources/GenieMac/App/SelfTestTranslationJourneys.swift:33:32: warning: 'CGWindowListCreateImage' was deprecated in macOS 14.0: Please use ScreenCaptureKit instead. [#DeprecatedDeclaration]
 31 |                 let key = name + (dark ? "-dark" : "-light")
 32 |                 guard let window = NSApp.windows.first(where: { $0.isVisible && $0 is NSPanel }),
 33 |                       let cg = CGWindowListCreateImage(.null, .optionIncludingWindow, CGWindowID(window.windowNumber), [.boundsIgnoreFraming]),
    |                                `- warning: 'CGWindowListCreateImage' was deprecated in macOS 14.0: Please use ScreenCaptureKit instead. [#DeprecatedDeclaration]
 34 |                       let png = NSBitmapImageRep(cgImage: cg).representation(using: .png, properties: [:]) else {
 35 |                     failures.append("capture " + key); continue

/Users/shuhei/Projects/genie/apps/genie-macos/Sources/GenieMac/RecordingWorkspace/CodexTranslation.swift:28:61: warning: converting non-Sendable function value to '@Sendable (CodexTranslation.Invocation) async throws -> CodexTranslation.Output' may introduce data races
 26 |     init(environment: [String: String] = ProcessInfo.processInfo.environment,
 27 |          executable: @escaping ([String: String]) throws -> URL = CodexTranslation.findExecutable,
 28 |          runner: @escaping Runner = CodexTranslationProcess.run) {
    |                                                             `- warning: converting non-Sendable function value to '@Sendable (CodexTranslation.Invocation) async throws -> CodexTranslation.Output' may introduce data races
 29 |         self.environment = environment; self.executable = executable; self.runner = runner
 30 |     }

/Users/shuhei/Projects/genie/apps/genie-macos/Sources/GenieMac/App/SelfTestVoiceE2E.swift:58:28: warning: 'CGWindowListCreateImage' was deprecated in macOS 14.0: Please use ScreenCaptureKit instead. [#DeprecatedDeclaration]
 56 |             RunLoop.current.run(until: Date().addingTimeInterval(0.3))
 57 |             guard let (id, w, h) = dockWindow() else { return }
 58 |             guard let cg = CGWindowListCreateImage(.null, .optionIncludingWindow, id, [.boundsIgnoreFraming, .nominalResolution]),
    |                            `- warning: 'CGWindowListCreateImage' was deprecated in macOS 14.0: Please use ScreenCaptureKit instead. [#DeprecatedDeclaration]
 59 |                   let png = NSBitmapImageRep(cgImage: cg).representation(using: .png, properties: [:]) else { return }
 60 |             try? png.write(to: URL(fileURLWithPath: "\(shotDir)/\(shots.count)-\(name).png"))

/Users/shuhei/Projects/genie/apps/genie-macos/Sources/GenieMac/App/SelfTestVoiceE2E.swift:66:28: warning: 'CGWindowListCreateImage' was deprecated in macOS 14.0: Please use ScreenCaptureKit instead. [#DeprecatedDeclaration]
 64 |         func shootNow(_ name: String) {
 65 |             guard let shotDir, let (id, w, h) = dockWindow(),
 66 |                   let cg = CGWindowListCreateImage(.null, .optionIncludingWindow, id, [.boundsIgnoreFraming, .nominalResolution]),
    |                            `- warning: 'CGWindowListCreateImage' was deprecated in macOS 14.0: Please use ScreenCaptureKit instead. [#DeprecatedDeclaration]
 67 |                   let png = NSBitmapImageRep(cgImage: cg).representation(using: .png, properties: [:]) else { return }
 68 |             try? png.write(to: URL(fileURLWithPath: "\(shotDir)/\(shots.count)-\(name).png"))

/Users/shuhei/Projects/genie/apps/genie-macos/Sources/GenieMac/App/SelfTestWorkContext.swift:256:31: warning: main actor-isolated static property 'decoder' can not be referenced from a nonisolated context; this is an error in the Swift 6 language mode
253 |     }
254 | 
255 |     static func brief() -> MeetingBrief? {
    |                 `- note: add '@MainActor' to make static method 'brief()' part of global actor 'MainActor'
256 |         try? WorkContextStore.decoder.decode(MeetingBrief.self, from: Data(briefJSON().utf8))
    |                               `- warning: main actor-isolated static property 'decoder' can not be referenced from a nonisolated context; this is an error in the Swift 6 language mode
257 |     }
258 | 

/Users/shuhei/Projects/genie/apps/genie-macos/Sources/GenieMac/Home/WorkContextStore.swift:189:16: note: static property declared here
187 |     nonisolated(unsafe) static var previewBrief: MeetingBrief?
188 | 
189 |     static let decoder: JSONDecoder = {
    |                `- note: static property declared here
190 |         let d = JSONDecoder(); d.keyDecodingStrategy = .convertFromSnakeCase; return d
191 |     }()

/Users/shuhei/Projects/genie/apps/genie-macos/Sources/GenieMac/App/SelfTestWorkContext.swift:260:31: warning: main actor-isolated static property 'decoder' can not be referenced from a nonisolated context; this is an error in the Swift 6 language mode
257 |     }
258 | 
259 |     static func context() -> WorkContext? {
    |                 `- note: add '@MainActor' to make static method 'context()' part of global actor 'MainActor'
260 |         try? WorkContextStore.decoder.decode(WorkContext.self, from: Data(contextJSON().utf8))
    |                               `- warning: main actor-isolated static property 'decoder' can not be referenced from a nonisolated context; this is an error in the Swift 6 language mode
261 |     }
262 |     static func profile() -> PersonalizationProfile? {

/Users/shuhei/Projects/genie/apps/genie-macos/Sources/GenieMac/Home/WorkContextStore.swift:189:16: note: static property declared here
187 |     nonisolated(unsafe) static var previewBrief: MeetingBrief?
188 | 
189 |     static let decoder: JSONDecoder = {
    |                `- note: static property declared here
190 |         let d = JSONDecoder(); d.keyDecodingStrategy = .convertFromSnakeCase; return d
191 |     }()

/Users/shuhei/Projects/genie/apps/genie-macos/Sources/GenieMac/App/SelfTestWorkContext.swift:263:31: warning: main actor-isolated static property 'decoder' can not be referenced from a nonisolated context; this is an error in the Swift 6 language mode
260 |         try? WorkContextStore.decoder.decode(WorkContext.self, from: Data(contextJSON().utf8))
261 |     }
262 |     static func profile() -> PersonalizationProfile? {
    |                 `- note: add '@MainActor' to make static method 'profile()' part of global actor 'MainActor'
263 |         try? WorkContextStore.decoder.decode(PersonalizationProfile.self, from: Data(profileJSON().utf8))
    |                               `- warning: main actor-isolated static property 'decoder' can not be referenced from a nonisolated context; this is an error in the Swift 6 language mode
264 |     }
265 | }

/Users/shuhei/Projects/genie/apps/genie-macos/Sources/GenieMac/Home/WorkContextStore.swift:189:16: note: static property declared here
187 |     nonisolated(unsafe) static var previewBrief: MeetingBrief?
188 | 
189 |     static let decoder: JSONDecoder = {
    |                `- note: static property declared here
190 |         let d = JSONDecoder(); d.keyDecodingStrategy = .convertFromSnakeCase; return d
191 |     }()

/Users/shuhei/Projects/genie/apps/genie-macos/Sources/GenieMac/App/SelfTestWorkspaceUX.swift:46:36: warning: 'CGWindowListCreateImage' was deprecated in macOS 14.0: Please use ScreenCaptureKit instead. [#DeprecatedDeclaration]
44 |                     // NavigationSplitView renders through AppKit/layer-backed subviews;
45 |                     // cacheDisplay produces an empty shell on macOS 26. Capture our window.
46 |                     guard let cg = CGWindowListCreateImage(.null, .optionIncludingWindow,
   |                                    `- warning: 'CGWindowListCreateImage' was deprecated in macOS 14.0: Please use ScreenCaptureKit instead. [#DeprecatedDeclaration]
47 |                         CGWindowID(window.windowNumber), [.boundsIgnoreFraming, .nominalResolution]),
48 |                         let png = NSBitmapImageRep(cgImage: cg).representation(using: .png, properties: [:]) else { failures.append(name); return }

/Users/shuhei/Projects/genie/apps/genie-macos/Sources/GenieMac/App/SurfaceMotionGate.swift:71:13: warning: immutable property will not be decoded because it is declared with an initial value which cannot be overwritten
 69 | 
 70 |     struct Result: Codable {
 71 |         let product = "Genie"
    |             |- warning: immutable property will not be decoded because it is declared with an initial value which cannot be overwritten
    |             |- note: set the initial value via the initializer or explicitly define a CodingKeys enum including a 'product' case to silence this warning
    |             `- note: make the property mutable instead
 72 |         let startedAt: String
 73 |         let targetFps = 60

/Users/shuhei/Projects/genie/apps/genie-macos/Sources/GenieMac/App/SurfaceMotionGate.swift:73:13: warning: immutable property will not be decoded because it is declared with an initial value which cannot be overwritten
 71 |         let product = "Genie"
 72 |         let startedAt: String
 73 |         let targetFps = 60
    |             |- warning: immutable property will not be decoded because it is declared with an initial value which cannot be overwritten
    |             |- note: set the initial value via the initializer or explicitly define a CodingKeys enum including a 'targetFps' case to silence this warning
    |             `- note: make the property mutable instead
 74 |         var transitions: [Transition] = []
 75 |         var notMeasured: [String] = []

/Users/shuhei/Projects/genie/apps/genie-macos/Sources/GenieMac/App/SurfaceMotionGate.swift:111:27: warning: 'CGWindowListCreateImage' was deprecated in macOS 14.0: Please use ScreenCaptureKit instead. [#DeprecatedDeclaration]
109 |               let from = Bundle(for: type(of: ns)).bundleIdentifier,
110 |               from.hasPrefix("com.apple."), from != "com.apple.AppKit", from != Bundle.main.bundleIdentifier,
111 |               let image = CGWindowListCreateImage(.null, .optionIncludingWindow, w.id, [.boundsIgnoreFraming, .nominalResolution]),
    |                           `- warning: 'CGWindowListCreateImage' was deprecated in macOS 14.0: Please use ScreenCaptureKit instead. [#DeprecatedDeclaration]
112 |               image.width > 0, image.height > 0 else { return nil }
113 |         // 全画素の alpha を見る（間引かない。1 画素でも描いていれば数える）。

/Users/shuhei/Projects/genie/apps/genie-macos/Sources/GenieMac/App/SurfaceMotionGate.swift:127:13: warning: 'CGWindowListCreateImage' was deprecated in macOS 14.0: Please use ScreenCaptureKit instead. [#DeprecatedDeclaration]
125 |     private static func capture(_ wins: [Win]) -> [Shot] {
126 |         wins.compactMap { win in
127 |             CGWindowListCreateImage(.null, .optionIncludingWindow, win.id, [.boundsIgnoreFraming, .nominalResolution])
    |             `- warning: 'CGWindowListCreateImage' was deprecated in macOS 14.0: Please use ScreenCaptureKit instead. [#DeprecatedDeclaration]
128 |                 .map { Shot(win: win, image: $0) }
129 |         }

/Users/shuhei/Projects/genie/apps/genie-macos/Sources/GenieMac/Audio/GeminiLiveProvider.swift:200:35: warning: capture of 'mic' with non-Sendable type 'MicCapture' in a '@Sendable' closure [#SendableClosureCaptures]
198 |         guard streaming else { return }
199 |         streaming = false
200 |         micQueue.async { [mic] in mic.stop() }
    |                                   `- warning: capture of 'mic' with non-Sendable type 'MicCapture' in a '@Sendable' closure [#SendableClosureCaptures]
201 |         send(GeminiLive.audioStreamEnd)
202 |     }

/Users/shuhei/Projects/genie/apps/genie-macos/Sources/GenieMac/Audio/MicCapture.swift:8:13: note: class 'MicCapture' does not conform to the 'Sendable' protocol
 6 | /// **注意**: ライブ取り込みは署名済み .app + マイク許可(TCC)が要る。SwiftPM の裸実行では
 7 | /// 許可プロンプトが出ないため headless では動かない。ここは実装であり、実許可の検証は .app 側で。
 8 | final class MicCapture {
   |             `- note: class 'MicCapture' does not conform to the 'Sendable' protocol
 9 |     private let engine = AVAudioEngine()
10 |     private let targetRate: Double = 16_000

/Users/shuhei/Projects/genie/apps/genie-macos/Sources/GenieMac/Audio/GeminiLiveProvider.swift:455:21: warning: capture of 'mic' with non-Sendable type 'MicCapture' in a '@Sendable' closure [#SendableClosureCaptures]
453 |         micQueue.async { [weak self, mic] in
454 |             do {
455 |                 try mic.start(echoCancellation: echoCancellation) { frame in
    |                     `- warning: capture of 'mic' with non-Sendable type 'MicCapture' in a '@Sendable' closure [#SendableClosureCaptures]
456 |                     let message = GeminiLive.json(GeminiLive.audioChunk(frame))
457 |                     Task { @MainActor in

/Users/shuhei/Projects/genie/apps/genie-macos/Sources/GenieMac/Audio/MicCapture.swift:8:13: note: class 'MicCapture' does not conform to the 'Sendable' protocol
 6 | /// **注意**: ライブ取り込みは署名済み .app + マイク許可(TCC)が要る。SwiftPM の裸実行では
 7 | /// 許可プロンプトが出ないため headless では動かない。ここは実装であり、実許可の検証は .app 側で。
 8 | final class MicCapture {
   |             `- note: class 'MicCapture' does not conform to the 'Sendable' protocol
 9 |     private let engine = AVAudioEngine()
10 |     private let targetRate: Double = 16_000

/Users/shuhei/Projects/genie/apps/genie-macos/Sources/GenieMac/Context/ConnectorFlow.swift:87:34: warning: main actor-isolated property 'generation' can not be referenced from a Sendable closure
 14 |     private var startupTimeout: Task<Void, Never>?
 15 |     private var startup: CheckedContinuation<UInt16, Error>?
 16 |     private var generation = UUID()
    |                 `- note: property declared here
 17 | 
 18 |     static func randomVerifier() -> String {
    :
 85 |                          onCallback: @escaping (OauthCallback) -> Void) {
 86 |         connection.receive(minimumIncompleteLength: 1, maximumLength: 8192) { [weak self] data, _, complete, error in
 87 |             guard let self, self.generation == attempt else { connection.cancel(); return }
    |                                  `- warning: main actor-isolated property 'generation' can not be referenced from a Sendable closure
 88 |             var bytes = buffer; bytes.append(data ?? Data())
 89 |             guard bytes.count <= 16384, error == nil else { self.close(connection); return }

/Users/shuhei/Projects/genie/apps/genie-macos/Sources/GenieMac/Context/ConnectorFlow.swift:89:66: warning: call to main actor-isolated instance method 'close' in a synchronous nonisolated context [#ActorIsolatedCall]
 87 |             guard let self, self.generation == attempt else { connection.cancel(); return }
 88 |             var bytes = buffer; bytes.append(data ?? Data())
 89 |             guard bytes.count <= 16384, error == nil else { self.close(connection); return }
    |                                                                  `- warning: call to main actor-isolated instance method 'close' in a synchronous nonisolated context [#ActorIsolatedCall]
 90 |             guard let request = String(data: bytes, encoding: .utf8), request.contains("\r\n\r\n") else {
 91 |                 if complete { self.close(connection) }
    :
107 |     }
108 | 
109 |     private func close(_ connection: NWConnection) {
    |                  `- note: calls to instance method 'close' from outside of its actor context are implicitly asynchronous
110 |         connection.cancel(); connections.removeAll { $0 === connection }
111 |     }

/Users/shuhei/Projects/genie/apps/genie-macos/Sources/GenieMac/Context/ConnectorFlow.swift:91:36: warning: call to main actor-isolated instance method 'close' in a synchronous nonisolated context [#ActorIsolatedCall]
 89 |             guard bytes.count <= 16384, error == nil else { self.close(connection); return }
 90 |             guard let request = String(data: bytes, encoding: .utf8), request.contains("\r\n\r\n") else {
 91 |                 if complete { self.close(connection) }
    |                                    `- warning: call to main actor-isolated instance method 'close' in a synchronous nonisolated context [#ActorIsolatedCall]
 92 |                 else { self.receive(connection, buffer: bytes, attempt: attempt, expectedState: expectedState, path: path, onCallback: onCallback) }
 93 |                 return
    :
107 |     }
108 | 
109 |     private func close(_ connection: NWConnection) {
    |                  `- note: calls to instance method 'close' from outside of its actor context are implicitly asynchronous
110 |         connection.cancel(); connections.removeAll { $0 === connection }
111 |     }

/Users/shuhei/Projects/genie/apps/genie-macos/Sources/GenieMac/Context/ConnectorFlow.swift:92:29: warning: call to main actor-isolated instance method 'receive(_:buffer:attempt:expectedState:path:onCallback:)' in a synchronous nonisolated context [#ActorIsolatedCall]
 82 |     }
 83 | 
 84 |     private func receive(_ connection: NWConnection, buffer: Data, attempt: UUID, expectedState: String?, path: String,
    |                  `- note: calls to instance method 'receive(_:buffer:attempt:expectedState:path:onCallback:)' from outside of its actor context are implicitly asynchronous
 85 |                          onCallback: @escaping (OauthCallback) -> Void) {
 86 |         connection.receive(minimumIncompleteLength: 1, maximumLength: 8192) { [weak self] data, _, complete, error in
    :
 90 |             guard let request = String(data: bytes, encoding: .utf8), request.contains("\r\n\r\n") else {
 91 |                 if complete { self.close(connection) }
 92 |                 else { self.receive(connection, buffer: bytes, attempt: attempt, expectedState: expectedState, path: path, onCallback: onCallback) }
    |                             `- warning: call to main actor-isolated instance method 'receive(_:buffer:attempt:expectedState:path:onCallback:)' in a synchronous nonisolated context [#ActorIsolatedCall]
 93 |                 return
 94 |             }

/Users/shuhei/Projects/genie/apps/genie-macos/Sources/GenieMac/Context/ConnectorFlow.swift:95:33: warning: call to main actor-isolated static method 'acceptedCallback(request:expectedState:path:)' in a synchronous nonisolated context [#ActorIsolatedCall]
 23 |     }
 24 | 
 25 |     static func acceptedCallback(request: String, expectedState: String?, path: String = "/callback") -> OauthCallback? {
    |                 `- note: calls to static method 'acceptedCallback(request:expectedState:path:)' from outside of its actor context are implicitly asynchronous
 26 |         guard let line = request.components(separatedBy: "\r\n").first else { return nil }
 27 |         let parts = line.split(separator: " ")
    :
 93 |                 return
 94 |             }
 95 |             let callback = Self.acceptedCallback(request: request, expectedState: expectedState, path: path)
    |                                 `- warning: call to main actor-isolated static method 'acceptedCallback(request:expectedState:path:)' in a synchronous nonisolated context [#ActorIsolatedCall]
 96 |             let message = callback == nil ? "認証を確認できません。元の同意画面から続けてください。" : "認証結果を受け取りました。Genieに戻ると接続状況を確認できます。"
 97 |             let body = "<!doctype html><html lang=\"ja\"><meta charset=\"utf-8\"><title>Genie · Connections</title><p>\(message)</p></html>"

/Users/shuhei/Projects/genie/apps/genie-macos/Sources/GenieMac/Context/ConnectorFlow.swift:100:18: warning: main actor-isolated property 'connections' can not be mutated from a Sendable closure
 10 |     enum FlowError: Error { case random, listener }
 11 |     private var listener: NWListener?
 12 |     private var connections: [NWConnection] = []
    |                 `- note: mutation of this property is only permitted within the actor
 13 |     private var timeout: Task<Void, Never>?
 14 |     private var startupTimeout: Task<Void, Never>?
    :
 98 |             let response = "HTTP/1.1 \(callback == nil ? "400 Bad Request" : "200 OK")\r\nContent-Type: text/html; charset=utf-8\r\nCache-Control: no-store\r\nContent-Security-Policy: default-src 'none'\r\nContent-Length: \(body.utf8.count)\r\nConnection: close\r\n\r\n\(body)"
 99 |             connection.send(content: Data(response.utf8), completion: .contentProcessed { _ in connection.cancel() })
100 |             self.connections.removeAll { $0 === connection }
    |                  `- warning: main actor-isolated property 'connections' can not be mutated from a Sendable closure
101 |             if let callback {
102 |                 // Invalidate immediately; a second callback cannot exchange another code.

/Users/shuhei/Projects/genie/apps/genie-macos/Sources/GenieMac/Context/ConnectorFlow.swift:103:22: warning: call to main actor-isolated instance method 'stopLoopback()' in a synchronous nonisolated context [#ActorIsolatedCall]
101 |             if let callback {
102 |                 // Invalidate immediately; a second callback cannot exchange another code.
103 |                 self.stopLoopback()
    |                      `- warning: call to main actor-isolated instance method 'stopLoopback()' in a synchronous nonisolated context [#ActorIsolatedCall]
104 |                 onCallback(callback)
105 |             }
    :
110 |         connection.cancel(); connections.removeAll { $0 === connection }
111 |     }
112 |     func stopLoopback() {
    |          `- note: calls to instance method 'stopLoopback()' from outside of its actor context are implicitly asynchronous
113 |         generation = UUID(); timeout?.cancel(); timeout = nil
114 |         startupTimeout?.cancel(); startupTimeout = nil

/Users/shuhei/Projects/genie/apps/genie-macos/Sources/GenieMac/GuidedSetup/GuidedSetupSelfTest.swift:144:21: warning: 'CGWindowListCreateImage' was deprecated in macOS 14.0: Please use ScreenCaptureKit instead. [#DeprecatedDeclaration]
142 |         // アバターの姿を残す（目視用）。
143 |         if let win = overlay.avatar.window,
144 |            let cg = CGWindowListCreateImage(.null, .optionIncludingWindow, CGWindowID(win.windowNumber), [.boundsIgnoreFraming, .bestResolution]) {
    |                     `- warning: 'CGWindowListCreateImage' was deprecated in macOS 14.0: Please use ScreenCaptureKit instead. [#DeprecatedDeclaration]
145 |             let png = NSBitmapImageRep(cgImage: cg).representation(using: .png, properties: [:])
146 |             try? png?.write(to: URL(fileURLWithPath: "\(outDir)/guided-setup-avatar.png"))

/Users/shuhei/Projects/genie/apps/genie-macos/Sources/GenieMac/GuidedSetup/GuidedSetupShots.swift:57:20: warning: 'CGWindowListCreateImage' was deprecated in macOS 14.0: Please use ScreenCaptureKit instead. [#DeprecatedDeclaration]
 55 |         func windowImage(_ win: NSWindow?) -> CGImage? {
 56 |             guard let win else { return nil }
 57 |             return CGWindowListCreateImage(.null, .optionIncludingWindow, CGWindowID(win.windowNumber), [.boundsIgnoreFraming, .bestResolution])
    |                    `- warning: 'CGWindowListCreateImage' was deprecated in macOS 14.0: Please use ScreenCaptureKit instead. [#DeprecatedDeclaration]
 58 |         }
 59 |         /// Apple の窓（System Settings）と Genie の窓を、**それだけ**で合成する（机の上の他の窓や壁紙は入れない）。

/Users/shuhei/Projects/genie/apps/genie-macos/Sources/GenieMac/GuidedSetup/GuidedSetupShots.swift:84:31: warning: 'CGWindowListCreateImage' was deprecated in macOS 14.0: Please use ScreenCaptureKit instead. [#DeprecatedDeclaration]
 82 |             }
 83 |             let union = layers.map(\.1).reduce(CGRect.null) { $0.union($1) }
 84 |             guard let first = CGWindowListCreateImage(.null, .optionIncludingWindow, settingsID, [.boundsIgnoreFraming, .bestResolution]) else {
    |                               `- warning: 'CGWindowListCreateImage' was deprecated in macOS 14.0: Please use ScreenCaptureKit instead. [#DeprecatedDeclaration]
 85 |                 report.append("composite: cannot capture settings window"); return nil
 86 |             }

/Users/shuhei/Projects/genie/apps/genie-macos/Sources/GenieMac/GuidedSetup/GuidedSetupShots.swift:93:60: warning: 'CGWindowListCreateImage' was deprecated in macOS 14.0: Please use ScreenCaptureKit instead. [#DeprecatedDeclaration]
 91 |                                       space: CGColorSpaceCreateDeviceRGB(), bitmapInfo: CGImageAlphaInfo.premultipliedLast.rawValue) else { return nil }
 92 |             for (id, b) in layers {
 93 |                 guard let img = id == settingsID ? first : CGWindowListCreateImage(.null, .optionIncludingWindow, id, [.boundsIgnoreFraming, .bestResolution]) else {
    |                                                            `- warning: 'CGWindowListCreateImage' was deprecated in macOS 14.0: Please use ScreenCaptureKit instead. [#DeprecatedDeclaration]
 94 |                     report.append("composite: window \(id) not capturable at \(b)"); continue
 95 |                 }

/Users/shuhei/Projects/genie/apps/genie-macos/Sources/GenieMac/GuidedSetup/PermissionGuideCoordinator.swift:51:74: warning: passing non-Sendable parameter 'block' to function expecting a '@Sendable' closure
 48 |         }
 49 |         /// 遅延実行。検査では即時。
 50 |         var after: (TimeInterval, @escaping () -> Void) -> Void = { s, block in
    |                                                                        `- note: parameter 'block' is implicitly non-Sendable
 51 |             DispatchQueue.main.asyncAfter(deadline: .now() + s, execute: block)
    |                                                                          `- warning: passing non-Sendable parameter 'block' to function expecting a '@Sendable' closure
 52 |         }
 53 |         var now: () -> Date = Date.init

/Users/shuhei/Projects/genie/apps/genie-macos/Sources/GenieMac/Home/SessionCard.swift:49:10: warning: 'onChange(of:perform:)' was deprecated in macOS 14.0: Use `onChange` with a two or zero parameter action closure instead. [#DeprecatedDeclaration]
 47 |         // 検査から「開けるか」を押す口。開けない状態では登録しない（押せたことにしない）。
 48 |         .onAppear { syncProbe() }
 49 |         .onChange(of: session.status) { _ in syncProbe() }
    |          `- warning: 'onChange(of:perform:)' was deprecated in macOS 14.0: Use `onChange` with a two or zero parameter action closure instead. [#DeprecatedDeclaration]
 50 |         .onDisappear { UIProbe.unregister("session-\(session.id)") }
 51 |     }

/Users/shuhei/Projects/genie/apps/genie-macos/Sources/GenieMac/Home/WorkContextStore.swift:205:54: warning: main actor-isolated static property 'decoder' can not be referenced from a nonisolated context; this is an error in the Swift 6 language mode
187 |     nonisolated(unsafe) static var previewBrief: MeetingBrief?
188 | 
189 |     static let decoder: JSONDecoder = {
    |                `- note: static property declared here
190 |         let d = JSONDecoder(); d.keyDecodingStrategy = .convertFromSnakeCase; return d
191 |     }()
    :
203 |             Task.detached { [base, token] in
204 |                 let ctx = (try? GenieCoreBridge.workContext(base, accessToken: token))
205 |                     .flatMap { try? WorkContextStore.decoder.decode(WorkContext.self, from: Data($0.utf8)) }
    |                                                      `- warning: main actor-isolated static property 'decoder' can not be referenced from a nonisolated context; this is an error in the Swift 6 language mode
206 |                 let prof = (try? GenieCoreBridge.personalization(base, accessToken: token))
207 |                     .flatMap { try? WorkContextStore.decoder.decode(PersonalizationProfile.self, from: Data($0.utf8)) }

/Users/shuhei/Projects/genie/apps/genie-macos/Sources/GenieMac/Home/WorkContextStore.swift:207:54: warning: main actor-isolated static property 'decoder' can not be referenced from a nonisolated context; this is an error in the Swift 6 language mode
187 |     nonisolated(unsafe) static var previewBrief: MeetingBrief?
188 | 
189 |     static let decoder: JSONDecoder = {
    |                `- note: static property declared here
190 |         let d = JSONDecoder(); d.keyDecodingStrategy = .convertFromSnakeCase; return d
191 |     }()
    :
205 |                     .flatMap { try? WorkContextStore.decoder.decode(WorkContext.self, from: Data($0.utf8)) }
206 |                 let prof = (try? GenieCoreBridge.personalization(base, accessToken: token))
207 |                     .flatMap { try? WorkContextStore.decoder.decode(PersonalizationProfile.self, from: Data($0.utf8)) }
    |                                                      `- warning: main actor-isolated static property 'decoder' can not be referenced from a nonisolated context; this is an error in the Swift 6 language mode
208 |                 let briefText = (try? GenieCoreBridge.workBriefNext(base, accessToken: token)) ?? ""
209 |                 let brief = briefText.isEmpty ? nil

/Users/shuhei/Projects/genie/apps/genie-macos/Sources/GenieMac/Home/WorkContextStore.swift:210:45: warning: main actor-isolated static property 'decoder' cannot be accessed from outside of the actor; this is an error in the Swift 6 language mode
208 |                 let briefText = (try? GenieCoreBridge.workBriefNext(base, accessToken: token)) ?? ""
209 |                 let brief = briefText.isEmpty ? nil
210 |                     : try? WorkContextStore.decoder.decode(MeetingBrief.self, from: Data(briefText.utf8))
    |                                             `- warning: main actor-isolated static property 'decoder' cannot be accessed from outside of the actor; this is an error in the Swift 6 language mode
211 |                 await MainActor.run {
212 |                     self.brief = brief ?? (self.brief ?? WorkContextStore.previewBrief)

/Users/shuhei/Projects/genie/apps/genie-macos/Sources/GenieMac/Home/WorkContextStore.swift:287:49: warning: main actor-isolated static property 'decoder' cannot be accessed from outside of the actor; this is an error in the Swift 6 language mode
285 |         Task.detached {
286 |             if let text = try? GenieCoreBridge.personalizationUpdate(base, accessToken: token, updateJson: json),
287 |                let prof = try? WorkContextStore.decoder.decode(PersonalizationProfile.self, from: Data(text.utf8)) {
    |                                                 `- warning: main actor-isolated static property 'decoder' cannot be accessed from outside of the actor; this is an error in the Swift 6 language mode
288 |                 await MainActor.run { self.profile = prof }
289 |             } else {

/Users/shuhei/Projects/genie/apps/genie-macos/Sources/GenieMac/Main/ConnectionsPane.swift:8:57: warning: main actor-isolated static property 'shared' can not be referenced from a nonisolated context; this is an error in the Swift 6 language mode
  6 |     let apps: [String]
  7 |     @ObservedObject private var connections: ConnectorState
  8 |     init(apps: [String], connections: ConnectorState = .shared) {
    |                                                         `- warning: main actor-isolated static property 'shared' can not be referenced from a nonisolated context; this is an error in the Swift 6 language mode
  9 |         self.apps = apps; self.connections = connections
 10 |     }

/Users/shuhei/Projects/genie/apps/genie-macos/Sources/GenieMac/Context/ConnectorState.swift:6:16: note: static property declared here
  4 | @MainActor
  5 | final class ConnectorState: ObservableObject {
  6 |     static let shared = ConnectorState()
    |                `- note: static property declared here
  7 |     struct Source: Identifiable, Equatable {
  8 |         let pluginId: String

/Users/shuhei/Projects/genie/apps/genie-macos/Sources/GenieMac/Meeting/MeetingArtifactView.swift:162:10: warning: 'onChange(of:perform:)' was deprecated in macOS 14.0: Use `onChange` with a two or zero parameter action closure instead. [#DeprecatedDeclaration]
160 |         // 検査が「いま右に何が出ているか」を読む口。speaker|time。
161 |         .onAppear { UIProbe.fact("meetingShown", shown.map { "\($0.speaker)|\($0.transcriptTime)" }) }
162 |         .onChange(of: picked?.id) { _ in
    |          `- warning: 'onChange(of:perform:)' was deprecated in macOS 14.0: Use `onChange` with a two or zero parameter action closure instead. [#DeprecatedDeclaration]
163 |             UIProbe.fact("meetingShown", shown.map { "\($0.speaker)|\($0.transcriptTime)" })
164 |         }

/Users/shuhei/Projects/genie/apps/genie-macos/Sources/GenieMac/Places/NearbyPlaces.swift:32:81: warning: main actor-isolated static property 'shared' can not be referenced from a nonisolated context; this is an error in the Swift 6 language mode
30 |     }
31 | 
32 |     static func search(_ intent: NearbyPlaceIntent, settings: PlacesSettings = .shared,
   |                                                                                 `- warning: main actor-isolated static property 'shared' can not be referenced from a nonisolated context; this is an error in the Swift 6 language mode
33 |                        location: CurrentLocation = .shared) async -> Result<PlacesCard, Failure> {
34 |         await settings.refreshKeyPresence()

/Users/shuhei/Projects/genie/apps/genie-macos/Sources/GenieMac/Places/PlacesSettings.swift:10:16: note: static property declared here
  8 | @MainActor
  9 | final class PlacesSettings: ObservableObject {
 10 |     static let shared = PlacesSettings()
    |                `- note: static property declared here
 11 |     static let keychainKey = "googleMaps.apiKey"
 12 |     private static let limitKey = "genie.places.monthlySearches"

/Users/shuhei/Projects/genie/apps/genie-macos/Sources/GenieMac/Places/NearbyPlaces.swift:33:53: warning: main actor-isolated static property 'shared' can not be referenced from a nonisolated context; this is an error in the Swift 6 language mode
31 | 
32 |     static func search(_ intent: NearbyPlaceIntent, settings: PlacesSettings = .shared,
33 |                        location: CurrentLocation = .shared) async -> Result<PlacesCard, Failure> {
   |                                                     `- warning: main actor-isolated static property 'shared' can not be referenced from a nonisolated context; this is an error in the Swift 6 language mode
34 |         await settings.refreshKeyPresence()
35 |         guard settings.keyAccessIssue == nil else { return .failure(.keychainUnavailable) }

/Users/shuhei/Projects/genie/apps/genie-macos/Sources/GenieMac/Places/CurrentLocation.swift:10:16: note: static property declared here
 8 | @MainActor
 9 | final class CurrentLocation: NSObject, CLLocationManagerDelegate {
10 |     static let shared = CurrentLocation()
   |                `- note: static property declared here
11 | 
12 |     enum Failure: Error, Equatable {

/Users/shuhei/Projects/genie/apps/genie-macos/Sources/GenieMac/RecordingWorkspace/RecordingRuntime.swift:171:95: warning: converting non-Sendable function value to '@MainActor @Sendable @convention(block) () -> Void' may introduce data races
169 |                     if !live.isFinal { VoiceHUDState.shared.updatePartial(live.text) }
170 |                 }
171 |                 if Thread.isMainThread { deliver() } else { DispatchQueue.main.async(execute: deliver) }
    |                                                                                               `- warning: converting non-Sendable function value to '@MainActor @Sendable @convention(block) () -> Void' may introduce data races
172 |             }
173 |             self.speech = st

/Users/shuhei/Projects/genie/apps/genie-macos/Sources/GenieMac/RecordingWorkspace/RecordingRuntime.swift:182:99: warning: converting non-Sendable function value to '@MainActor @Sendable @convention(block) () -> Void' may introduce data races
180 |                         self?.onTranscript?(live.text, live.isFinal)
181 |                     }
182 |                     if Thread.isMainThread { deliver() } else { DispatchQueue.main.async(execute: deliver) }
    |                                                                                                   `- warning: converting non-Sendable function value to '@MainActor @Sendable @convention(block) () -> Void' may introduce data races
183 |                 }
184 |                 remoteSpeech = remote

/Users/shuhei/Projects/genie/apps/genie-macos/Sources/GenieMac/RecordingWorkspace/RecordingRuntime.swift:296:23: warning: call to main actor-isolated instance method 'drainMixedAudio()' in a synchronous nonisolated context [#ActorIsolatedCall]
294 |             mixClock = ProcessInfo.processInfo.systemUptime; mixedFrames = 0
295 |             mixTimer = Timer.scheduledTimer(withTimeInterval: 0.02, repeats: true) { [weak self] _ in
296 |                 self?.drainMixedAudio()
    |                       `- warning: call to main actor-isolated instance method 'drainMixedAudio()' in a synchronous nonisolated context [#ActorIsolatedCall]
297 |             }
298 |         }
    :
379 |     }
380 | 
381 |     private func drainMixedAudio() {
    |                  `- note: calls to instance method 'drainMixedAudio()' from outside of its actor context are implicitly asynchronous
382 |         guard systemAudioWanted, !paused, let clock = mixClock else { return }
383 |         let due = max(0, Int(max(0, ProcessInfo.processInfo.systemUptime - clock) * 16_000) - mixedFrames)

/Users/shuhei/Projects/genie/apps/genie-macos/Sources/GenieMac/RecordingWorkspace/RecordingRuntime.swift:318:25: warning: capture of 'mic' with non-Sendable type 'MicCapture' in a '@Sendable' closure [#SendableClosureCaptures]
316 |             micQueue.async { [weak self] in
317 |                 do {
318 |                     try mic.start { frame in
    |                         `- warning: capture of 'mic' with non-Sendable type 'MicCapture' in a '@Sendable' closure [#SendableClosureCaptures]
319 |                         DispatchQueue.main.async {
320 |                             self?.receiveAudio(frame, channel: .localUser, generation: generation)

/Users/shuhei/Projects/genie/apps/genie-macos/Sources/GenieMac/Audio/MicCapture.swift:8:13: note: class 'MicCapture' does not conform to the 'Sendable' protocol
 6 | /// **注意**: ライブ取り込みは署名済み .app + マイク許可(TCC)が要る。SwiftPM の裸実行では
 7 | /// 許可プロンプトが出ないため headless では動かない。ここは実装であり、実許可の検証は .app 側で。
 8 | final class MicCapture {
   |             `- note: class 'MicCapture' does not conform to the 'Sendable' protocol
 9 |     private let engine = AVAudioEngine()
10 |     private let targetRate: Double = 16_000

/Users/shuhei/Projects/genie/apps/genie-macos/Sources/GenieMac/RecordingWorkspace/RecordingRuntime.swift:409:42: warning: capture of 'micCapture' with non-Sendable type 'MicCapture' in a '@Sendable' closure [#SendableClosureCaptures]
407 |     func prewarmMic() {
408 |         guard Permissions.microphone == .granted else { return }
409 |         micQueue.async { [micCapture] in micCapture.prewarm() }
    |                                          `- warning: capture of 'micCapture' with non-Sendable type 'MicCapture' in a '@Sendable' closure [#SendableClosureCaptures]
410 |     }
411 | 

/Users/shuhei/Projects/genie/apps/genie-macos/Sources/GenieMac/Audio/MicCapture.swift:8:13: note: class 'MicCapture' does not conform to the 'Sendable' protocol
 6 | /// **注意**: ライブ取り込みは署名済み .app + マイク許可(TCC)が要る。SwiftPM の裸実行では
 7 | /// 許可プロンプトが出ないため headless では動かない。ここは実装であり、実許可の検証は .app 側で。
 8 | final class MicCapture {
   |             `- note: class 'MicCapture' does not conform to the 'Sendable' protocol
 9 |     private let engine = AVAudioEngine()
10 |     private let targetRate: Double = 16_000

/Users/shuhei/Projects/genie/apps/genie-macos/Sources/GenieMac/RecordingWorkspace/RecordingRuntime.swift:458:42: warning: main actor-isolated property 'voiceListening' can not be referenced from a Sendable closure
109 |     private var onVoiceFinal: ((String) -> Void)?
110 |     private var voiceVad = VoiceActivityDetector()
111 |     private(set) var voiceListening = false
    |                      `- note: property declared here
112 |     /// 検査専用: 次の 1 回の聞き取りで、マイクの代わりに流す音（16 kHz mono）。本番では nil。
113 |     /// 流した音は本物のマイクの音と同じ道（VAD → オンデバイス STT）を通る。
    :
456 |                 var offset = 0
457 |                 while offset < frames.count {
458 |                     guard let self, self.voiceListening, self.micGeneration == gen else { return }
    |                                          `- warning: main actor-isolated property 'voiceListening' can not be referenced from a Sendable closure
459 |                     let frame = Array(frames[offset..<min(offset + chunk, frames.count)])
460 |                     if offset == 0 { DispatchQueue.main.async { onFirstFrame() } }

/Users/shuhei/Projects/genie/apps/genie-macos/Sources/GenieMac/RecordingWorkspace/RecordingRuntime.swift:458:63: warning: main actor-isolated property 'micGeneration' can not be referenced from a Sendable closure
 49 |     private let micQueue = DispatchQueue(label: "astra.mic", qos: .userInitiated)
 50 |     private var micActive = false
 51 |     private var micGeneration = 0
    |                 `- note: property declared here
 52 |     private var sysAudio: AnyObject?
 53 |     private var speech: SpeechTranscriber?
    :
456 |                 var offset = 0
457 |                 while offset < frames.count {
458 |                     guard let self, self.voiceListening, self.micGeneration == gen else { return }
    |                                                               `- warning: main actor-isolated property 'micGeneration' can not be referenced from a Sendable closure
459 |                     let frame = Array(frames[offset..<min(offset + chunk, frames.count)])
460 |                     if offset == 0 { DispatchQueue.main.async { onFirstFrame() } }

/Users/shuhei/Projects/genie/apps/genie-macos/Sources/GenieMac/RecordingWorkspace/RecordingRuntime.swift:461:29: warning: main actor-isolated property 'voiceVad' can not be mutated from a Sendable closure
108 |     private var onVoicePartial: ((String) -> Void)?
109 |     private var onVoiceFinal: ((String) -> Void)?
110 |     private var voiceVad = VoiceActivityDetector()
    |                 `- note: mutation of this property is only permitted within the actor
111 |     private(set) var voiceListening = false
112 |     /// 検査専用: 次の 1 回の聞き取りで、マイクの代わりに流す音（16 kHz mono）。本番では nil。
    :
459 |                     let frame = Array(frames[offset..<min(offset + chunk, frames.count)])
460 |                     if offset == 0 { DispatchQueue.main.async { onFirstFrame() } }
461 |                     if self.voiceVad.accept(frame) { self.voiceSpeech?.append(frame, sampleRate: 16_000) }
    |                             `- warning: main actor-isolated property 'voiceVad' can not be mutated from a Sendable closure
462 |                     offset += chunk
463 |                     Thread.sleep(forTimeInterval: 0.1)

/Users/shuhei/Projects/genie/apps/genie-macos/Sources/GenieMac/RecordingWorkspace/RecordingRuntime.swift:461:59: warning: main actor-isolated property 'voiceSpeech' can not be referenced from a Sendable closure
105 |     var onSystemAudioFailure: (() -> Void)?
106 |     /// Listening（声で頼む）の取り込み。録音とは別で、ディスクには残さない。
107 |     private var voiceSpeech: SpeechTranscriber?
    |                 `- note: property declared here
108 |     private var onVoicePartial: ((String) -> Void)?
109 |     private var onVoiceFinal: ((String) -> Void)?
    :
459 |                     let frame = Array(frames[offset..<min(offset + chunk, frames.count)])
460 |                     if offset == 0 { DispatchQueue.main.async { onFirstFrame() } }
461 |                     if self.voiceVad.accept(frame) { self.voiceSpeech?.append(frame, sampleRate: 16_000) }
    |                                                           `- warning: main actor-isolated property 'voiceSpeech' can not be referenced from a Sendable closure
462 |                     offset += chunk
463 |                     Thread.sleep(forTimeInterval: 0.1)

/Users/shuhei/Projects/genie/apps/genie-macos/Sources/GenieMac/RecordingWorkspace/RecordingRuntime.swift:470:21: warning: capture of 'mic' with non-Sendable type 'MicCapture' in a '@Sendable' closure [#SendableClosureCaptures]
468 |         micQueue.async { [weak self] in
469 |             do {
470 |                 try mic.start(echoCancellation: echoCancellation) { frame in
    |                     `- warning: capture of 'mic' with non-Sendable type 'MicCapture' in a '@Sendable' closure [#SendableClosureCaptures]
471 |                     guard let self, self.voiceListening else { return }
472 |                     let first = !sawFirst

/Users/shuhei/Projects/genie/apps/genie-macos/Sources/GenieMac/Audio/MicCapture.swift:8:13: note: class 'MicCapture' does not conform to the 'Sendable' protocol
 6 | /// **注意**: ライブ取り込みは署名済み .app + マイク許可(TCC)が要る。SwiftPM の裸実行では
 7 | /// 許可プロンプトが出ないため headless では動かない。ここは実装であり、実許可の検証は .app 側で。
 8 | final class MicCapture {
   |             `- note: class 'MicCapture' does not conform to the 'Sendable' protocol
 9 |     private let engine = AVAudioEngine()
10 |     private let targetRate: Double = 16_000

/Users/shuhei/Projects/genie/apps/genie-macos/Sources/GenieMac/RecordingWorkspace/RecordingRuntime.swift:471:42: warning: main actor-isolated property 'voiceListening' can not be referenced from a nonisolated context
109 |     private var onVoiceFinal: ((String) -> Void)?
110 |     private var voiceVad = VoiceActivityDetector()
111 |     private(set) var voiceListening = false
    |                      `- note: property declared here
112 |     /// 検査専用: 次の 1 回の聞き取りで、マイクの代わりに流す音（16 kHz mono）。本番では nil。
113 |     /// 流した音は本物のマイクの音と同じ道（VAD → オンデバイス STT）を通る。
    :
469 |             do {
470 |                 try mic.start(echoCancellation: echoCancellation) { frame in
471 |                     guard let self, self.voiceListening else { return }
    |                                          `- warning: main actor-isolated property 'voiceListening' can not be referenced from a nonisolated context
472 |                     let first = !sawFirst
473 |                     sawFirst = true

/Users/shuhei/Projects/genie/apps/genie-macos/Sources/GenieMac/RecordingWorkspace/RecordingRuntime.swift:480:29: warning: main actor-isolated property 'voiceVad' can not be mutated from a nonisolated context
108 |     private var onVoicePartial: ((String) -> Void)?
109 |     private var onVoiceFinal: ((String) -> Void)?
110 |     private var voiceVad = VoiceActivityDetector()
    |                 `- note: mutation of this property is only permitted within the actor
111 |     private(set) var voiceListening = false
112 |     /// 検査専用: 次の 1 回の聞き取りで、マイクの代わりに流す音（16 kHz mono）。本番では nil。
    :
478 |                         VoiceHUDState.shared.receiveInputLevel(level)
479 |                     }
480 |                     if self.voiceVad.accept(frame) { self.voiceSpeech?.append(frame, sampleRate: 16_000) }
    |                             `- warning: main actor-isolated property 'voiceVad' can not be mutated from a nonisolated context
481 |                 }
482 |             } catch {

/Users/shuhei/Projects/genie/apps/genie-macos/Sources/GenieMac/RecordingWorkspace/RecordingRuntime.swift:480:59: warning: main actor-isolated property 'voiceSpeech' can not be referenced from a nonisolated context
105 |     var onSystemAudioFailure: (() -> Void)?
106 |     /// Listening（声で頼む）の取り込み。録音とは別で、ディスクには残さない。
107 |     private var voiceSpeech: SpeechTranscriber?
    |                 `- note: property declared here
108 |     private var onVoicePartial: ((String) -> Void)?
109 |     private var onVoiceFinal: ((String) -> Void)?
    :
478 |                         VoiceHUDState.shared.receiveInputLevel(level)
479 |                     }
480 |                     if self.voiceVad.accept(frame) { self.voiceSpeech?.append(frame, sampleRate: 16_000) }
    |                                                           `- warning: main actor-isolated property 'voiceSpeech' can not be referenced from a nonisolated context
481 |                 }
482 |             } catch {

/Users/shuhei/Projects/genie/apps/genie-macos/Sources/GenieMac/RecordingWorkspace/RecordingRuntime.swift:505:42: warning: capture of 'micCapture' with non-Sendable type 'MicCapture' in a '@Sendable' closure [#SendableClosureCaptures]
503 |         voiceSpeech?.finish(); voiceSpeech = nil
504 |         voiceVad.reset()
505 |         micQueue.async { [micCapture] in micCapture.stop(); micCapture.prewarm() }
    |                                          `- warning: capture of 'micCapture' with non-Sendable type 'MicCapture' in a '@Sendable' closure [#SendableClosureCaptures]
506 |     }
507 |     func setPaused(_ paused: Bool) {

/Users/shuhei/Projects/genie/apps/genie-macos/Sources/GenieMac/Audio/MicCapture.swift:8:13: note: class 'MicCapture' does not conform to the 'Sendable' protocol
 6 | /// **注意**: ライブ取り込みは署名済み .app + マイク許可(TCC)が要る。SwiftPM の裸実行では
 7 | /// 許可プロンプトが出ないため headless では動かない。ここは実装であり、実許可の検証は .app 側で。
 8 | final class MicCapture {
   |             `- note: class 'MicCapture' does not conform to the 'Sendable' protocol
 9 |     private let engine = AVAudioEngine()
10 |     private let targetRate: Double = 16_000

/Users/shuhei/Projects/genie/apps/genie-macos/Sources/GenieMac/RecordingWorkspace/RecordingRuntime.swift:553:17: warning: initialization of immutable value 'id' was never used; consider replacing with assignment to '_' or removing it [#no-usage]
551 |             try? session?.finish()
552 |             session = nil
553 |             let id = activeMeetingId
    |                 `- warning: initialization of immutable value 'id' was never used; consider replacing with assignment to '_' or removing it [#no-usage]
554 |             meetingId = nil
555 |             // Live results already went through onTranscript and the local transcript store.

/Users/shuhei/Projects/genie/apps/genie-macos/Sources/GenieMac/RecordingWorkspace/RecordingRuntime.swift:540:46: warning: capture of 'micCapture' with non-Sendable type 'MicCapture' in a '@Sendable' closure [#SendableClosureCaptures]
538 |             micActive = false
539 |             // 止めたあと次の録音のために資源だけ確保し直す（IO は始めない）。
540 |             micQueue.async { [micCapture] in micCapture.stop(); micCapture.prewarm() }
    |                                              `- warning: capture of 'micCapture' with non-Sendable type 'MicCapture' in a '@Sendable' closure [#SendableClosureCaptures]
541 |         }
542 |         let transcribers = [speech, remoteSpeech].compactMap { $0 }

/Users/shuhei/Projects/genie/apps/genie-macos/Sources/GenieMac/Audio/MicCapture.swift:8:13: note: class 'MicCapture' does not conform to the 'Sendable' protocol
 6 | /// **注意**: ライブ取り込みは署名済み .app + マイク許可(TCC)が要る。SwiftPM の裸実行では
 7 | /// 許可プロンプトが出ないため headless では動かない。ここは実装であり、実許可の検証は .app 側で。
 8 | final class MicCapture {
   |             `- note: class 'MicCapture' does not conform to the 'Sendable' protocol
 9 |     private let engine = AVAudioEngine()
10 |     private let targetRate: Double = 16_000

/Users/shuhei/Projects/genie/apps/genie-macos/Sources/GenieMac/RecordingWorkspace/RecordingWorkspaceState.swift:282:34: warning: main actor-isolated property 'isRecording' can not be referenced from a Sendable closure
 59 |     static let shared = RecordingWorkspaceState()
 60 | 
 61 |     @Published var isRecording = false
    |                    `- note: property declared here
 62 |     /// 録音を成り立たなくしている許可。無ければ nil。バナーで出す。
 63 |     @Published var permissionIssue: PermissionIssue?
    :
280 |         tickTimer?.invalidate()
281 |         tickTimer = Timer.scheduledTimer(withTimeInterval: 1, repeats: true) { [weak self] _ in
282 |             guard let self, self.isRecording, !self.isPaused, !self.freezeClockForShot else { return }
    |                                  `- warning: main actor-isolated property 'isRecording' can not be referenced from a Sendable closure
283 |             self.elapsedSeconds += 1
284 |         }

/Users/shuhei/Projects/genie/apps/genie-macos/Sources/GenieMac/RecordingWorkspace/RecordingWorkspaceState.swift:282:53: warning: main actor-isolated property 'isPaused' can not be referenced from a Sendable closure
 64 |     private var tickTimer: Timer?
 65 |     private var microphoneRequest: UUID?
 66 |     @Published var isPaused = false
    |                    `- note: property declared here
 67 |     @Published var elapsedSeconds = 0
 68 |     /// 検査用: 撮影の間だけ経過時計を止める。**本番では false。** light と dark を別プロセスで撮るので、
    :
280 |         tickTimer?.invalidate()
281 |         tickTimer = Timer.scheduledTimer(withTimeInterval: 1, repeats: true) { [weak self] _ in
282 |             guard let self, self.isRecording, !self.isPaused, !self.freezeClockForShot else { return }
    |                                                     `- warning: main actor-isolated property 'isPaused' can not be referenced from a Sendable closure
283 |             self.elapsedSeconds += 1
284 |         }

/Users/shuhei/Projects/genie/apps/genie-macos/Sources/GenieMac/RecordingWorkspace/RecordingWorkspaceState.swift:282:69: warning: main actor-isolated property 'freezeClockForShot' can not be referenced from a Sendable closure
 68 |     /// 検査用: 撮影の間だけ経過時計を止める。**本番では false。** light と dark を別プロセスで撮るので、
 69 |     /// 動いたままだと同じ面が 05:21 / 05:23 とずれ、fixed（light == dark）の gate が運で通ったり落ちたりした（実測）。
 70 |     var freezeClockForShot = false
    |         `- note: property declared here
 71 |     @Published var selectedTool: RecordingTool = .transcript
 72 |     @Published var ragOpen = false
    :
280 |         tickTimer?.invalidate()
281 |         tickTimer = Timer.scheduledTimer(withTimeInterval: 1, repeats: true) { [weak self] _ in
282 |             guard let self, self.isRecording, !self.isPaused, !self.freezeClockForShot else { return }
    |                                                                     `- warning: main actor-isolated property 'freezeClockForShot' can not be referenced from a Sendable closure
283 |             self.elapsedSeconds += 1
284 |         }

/Users/shuhei/Projects/genie/apps/genie-macos/Sources/GenieMac/RecordingWorkspace/RecordingWorkspaceState.swift:283:18: warning: main actor-isolated property 'elapsedSeconds' can not be mutated from a Sendable closure
 65 |     private var microphoneRequest: UUID?
 66 |     @Published var isPaused = false
 67 |     @Published var elapsedSeconds = 0
    |                    `- note: mutation of this property is only permitted within the actor
 68 |     /// 検査用: 撮影の間だけ経過時計を止める。**本番では false。** light と dark を別プロセスで撮るので、
 69 |     /// 動いたままだと同じ面が 05:21 / 05:23 とずれ、fixed（light == dark）の gate が運で通ったり落ちたりした（実測）。
    :
281 |         tickTimer = Timer.scheduledTimer(withTimeInterval: 1, repeats: true) { [weak self] _ in
282 |             guard let self, self.isRecording, !self.isPaused, !self.freezeClockForShot else { return }
283 |             self.elapsedSeconds += 1
    |                  `- warning: main actor-isolated property 'elapsedSeconds' can not be mutated from a Sendable closure
284 |         }
285 |         // オンデバイス STT の途中経過/確定を transcript に反映する。

/Users/shuhei/Projects/genie/apps/genie-macos/Sources/GenieMac/RecordingWorkspace/RecordingWorkspaceState.swift:431:64: warning: converting non-Sendable function value to '@MainActor @Sendable @convention(block) () -> Void' may introduce data races
429 |             let pending = self.startAfterFinishing
430 |             self.startAfterFinishing = nil
431 |             if let pending { DispatchQueue.main.async(execute: pending) }
    |                                                                `- warning: converting non-Sendable function value to '@MainActor @Sendable @convention(block) () -> Void' may introduce data races
432 |         }
433 |     }

/Users/shuhei/Projects/genie/apps/genie-macos/Sources/GenieMac/Settings/KeychainStore.swift:18:22: warning: 'SecKeychainGetUserInteractionAllowed' was deprecated in macOS 10.10: SecKeychain is deprecated [#DeprecatedDeclaration]
 16 |     init(readAllowed: @escaping () throws -> Bool = {
 17 |         var allowed: DarwinBoolean = false
 18 |         let status = SecKeychainGetUserInteractionAllowed(&allowed)
    |                      `- warning: 'SecKeychainGetUserInteractionAllowed' was deprecated in macOS 10.10: SecKeychain is deprecated [#DeprecatedDeclaration]
 19 |         guard status == errSecSuccess else { throw KeychainStore.KeychainError.interactionPolicy(status) }
 20 |         return allowed.boolValue

/Users/shuhei/Projects/genie/apps/genie-macos/Sources/GenieMac/Settings/KeychainStore.swift:22:22: warning: 'SecKeychainSetUserInteractionAllowed' was deprecated in macOS 10.10: SecKeychain is deprecated [#DeprecatedDeclaration]
 20 |         return allowed.boolValue
 21 |     }, setAllowed: @escaping (Bool) throws -> Void = { allowed in
 22 |         let status = SecKeychainSetUserInteractionAllowed(allowed)
    |                      `- warning: 'SecKeychainSetUserInteractionAllowed' was deprecated in macOS 10.10: SecKeychain is deprecated [#DeprecatedDeclaration]
 23 |         guard status == errSecSuccess else { throw KeychainStore.KeychainError.interactionPolicy(status) }
 24 |     }) {

/Users/shuhei/Projects/genie/apps/genie-macos/Sources/GenieMac/VoiceHUD/VoiceHUDState.swift:414:27: warning: reference to captured var 'self' in concurrently-executing code; this is an error in the Swift 6 language mode [#SendableClosureCaptures]
 412 |             }
 413 |             await MainActor.run {
 414 |                 guard let self else { return }
     |                           `- warning: reference to captured var 'self' in concurrently-executing code; this is an error in the Swift 6 language mode [#SendableClosureCaptures]
 415 |                 self.requestInFlight = false
 416 |                 if accepted { self.updateRequest(target.id) { $0.message = "追加の指示を受け取りました: \(text)" } }

/Users/shuhei/Projects/genie/apps/genie-macos/Sources/GenieMac/VoiceHUD/VoiceHUDState.swift:1064:47: warning: reference to captured var 'self' in concurrently-executing code; this is an error in the Swift 6 language mode [#SendableClosureCaptures]
1062 |                     else {
1063 |                         conv = try GenieCoreBridge.startConversation(base, accessToken: token)
1064 |                         await MainActor.run { self?.conversationId = conv }
     |                                               `- warning: reference to captured var 'self' in concurrently-executing code; this is an error in the Swift 6 language mode [#SendableClosureCaptures]
1065 |                     }
1066 |                     let saved = await MainActor.run {

/Users/shuhei/Projects/genie/apps/genie-macos/Sources/GenieMac/VoiceHUD/VoiceHUDState.swift:1068:32: warning: reference to captured var 'self' in concurrently-executing code; this is an error in the Swift 6 language mode [#SendableClosureCaptures]
1066 |                     let saved = await MainActor.run {
1067 |                         VisualContextStore.shared.bind(conversationID: conv, preserving: Set(attached.map(\.id)))
1068 |                         return self?.updateRequest(task.id) { $0.conversationID = conv } ?? false
     |                                `- warning: reference to captured var 'self' in concurrently-executing code; this is an error in the Swift 6 language mode [#SendableClosureCaptures]
1069 |                     }
1070 |                     guard saved else { throw NSError(domain: "Genie", code: 1, userInfo: [NSLocalizedDescriptionKey: "受付IDを保存できませんでした。依頼は送信していません。"] ) }

/Users/shuhei/Projects/genie/apps/genie-macos/Sources/GenieMac/VoiceHUD/VoiceHUDState.swift:1078:21: warning: reference to captured var 'self' in concurrently-executing code; this is an error in the Swift 6 language mode [#SendableClosureCaptures]
1076 |                     : (try? GenieCoreBridge.taskGet(base, accessToken: token, taskId: outcome.taskId)).flatMap(TaskOutcomeContext.decode)
1077 |                 await MainActor.run {
1078 |                     self?.updateRequest(task.id) {
     |                     `- warning: reference to captured var 'self' in concurrently-executing code; this is an error in the Swift 6 language mode [#SendableClosureCaptures]
1079 |                         $0.backendTaskID = outcome.taskId; $0.backendTaskKind = taskContext?.kind; $0.phase = .working
1080 |                     }

/Users/shuhei/Projects/genie/apps/genie-macos/Sources/GenieMac/VoiceHUD/VoiceHUDState.swift:1083:25: warning: reference to captured var 'self' in concurrently-executing code; this is an error in the Swift 6 language mode [#SendableClosureCaptures]
1081 |                     // backend に仕事ができた。Dock の一覧の 1 行になる（止めるは backend の取り消し）。
1082 |                     if !outcome.taskId.isEmpty {
1083 |                         self?.trackOnDock(task.id, title: task.title, backendTaskId: outcome.taskId,
     |                         `- warning: reference to captured var 'self' in concurrently-executing code; this is an error in the Swift 6 language mode [#SendableClosureCaptures]
1084 |                                           base: base, token: token, taskKind: taskContext?.kind)
1085 |                     }

/Users/shuhei/Projects/genie/apps/genie-macos/Sources/GenieMac/VoiceHUD/VoiceHUDState.swift:1098:21: warning: reference to captured var 'self' in concurrently-executing code; this is an error in the Swift 6 language mode [#SendableClosureCaptures]
1096 |                 let rejected = outcome.taskId.isEmpty && outcome.answer.isEmpty && !outcome.needsClarification
1097 |                 let draft: ReplyFlow.Draft? = await MainActor.run {
1098 |                     self?.applyReply(reply, to: task.id)
     |                     `- warning: reference to captured var 'self' in concurrently-executing code; this is an error in the Swift 6 language mode [#SendableClosureCaptures]
1099 |                     self?.answer = reply.text
1100 |                     // 短い確定回答や聞き返しは、その場で確認できるよう Dock に残す。

/Users/shuhei/Projects/genie/apps/genie-macos/Sources/GenieMac/VoiceHUD/VoiceHUDState.swift:1099:21: warning: reference to captured var 'self' in concurrently-executing code; this is an error in the Swift 6 language mode [#SendableClosureCaptures]
1097 |                 let draft: ReplyFlow.Draft? = await MainActor.run {
1098 |                     self?.applyReply(reply, to: task.id)
1099 |                     self?.answer = reply.text
     |                     `- warning: reference to captured var 'self' in concurrently-executing code; this is an error in the Swift 6 language mode [#SendableClosureCaptures]
1100 |                     // 短い確定回答や聞き返しは、その場で確認できるよう Dock に残す。
1101 |                     // 作業中・待機中は従来どおり静かな入口へ戻し、Work で追える状態にする。

/Users/shuhei/Projects/genie/apps/genie-macos/Sources/GenieMac/VoiceHUD/VoiceHUDState.swift:1103:50: warning: reference to captured var 'self' in concurrently-executing code; this is an error in the Swift 6 language mode [#SendableClosureCaptures]
1101 |                     // 作業中・待機中は従来どおり静かな入口へ戻し、Work で追える状態にする。
1102 |                     // 会話が次のターンを聞いている間は、聞いている面を消さない（Gemini に頼んだ仕事の答えが後から来る）。
1103 |                     let conversationListening = (self?.conversation.isActive ?? false) && self?.conversation.phase != .waiting
     |                                                  `- warning: reference to captured var 'self' in concurrently-executing code; this is an error in the Swift 6 language mode [#SendableClosureCaptures]
1104 |                     // 音声入力で聞いている間も面を差し替えない（差し替えるとマイクを閉じ、話している途中が消える）。
1105 |                     // 答えは `answer` と Work に残る。

/Users/shuhei/Projects/genie/apps/genie-macos/Sources/GenieMac/VoiceHUD/VoiceHUDState.swift:1103:91: warning: reference to captured var 'self' in concurrently-executing code; this is an error in the Swift 6 language mode [#SendableClosureCaptures]
1101 |                     // 作業中・待機中は従来どおり静かな入口へ戻し、Work で追える状態にする。
1102 |                     // 会話が次のターンを聞いている間は、聞いている面を消さない（Gemini に頼んだ仕事の答えが後から来る）。
1103 |                     let conversationListening = (self?.conversation.isActive ?? false) && self?.conversation.phase != .waiting
     |                                                                                           `- warning: reference to captured var 'self' in concurrently-executing code; this is an error in the Swift 6 language mode [#SendableClosureCaptures]
1104 |                     // 音声入力で聞いている間も面を差し替えない（差し替えるとマイクを閉じ、話している途中が消える）。
1105 |                     // 答えは `answer` と Work に残る。

/Users/shuhei/Projects/genie/apps/genie-macos/Sources/GenieMac/VoiceHUD/VoiceHUDState.swift:1106:42: warning: reference to captured var 'self' in concurrently-executing code; this is an error in the Swift 6 language mode [#SendableClosureCaptures]
1104 |                     // 音声入力で聞いている間も面を差し替えない（差し替えるとマイクを閉じ、話している途中が消える）。
1105 |                     // 答えは `answer` と Work に残る。
1106 |                     let inConversation = self?.conversation.isActive == true
     |                                          `- warning: reference to captured var 'self' in concurrently-executing code; this is an error in the Swift 6 language mode [#SendableClosureCaptures]
1107 |                     if reply.settled {
1108 |                         // すぐ答えが出た依頼は、答えの面で見せる（一覧の行にはしない）。

/Users/shuhei/Projects/genie/apps/genie-macos/Sources/GenieMac/VoiceHUD/VoiceHUDState.swift:1109:25: warning: reference to captured var 'self' in concurrently-executing code; this is an error in the Swift 6 language mode [#SendableClosureCaptures]
1107 |                     if reply.settled {
1108 |                         // すぐ答えが出た依頼は、答えの面で見せる（一覧の行にはしない）。
1109 |                         self?.dropFromDock(task.id)
     |                         `- warning: reference to captured var 'self' in concurrently-executing code; this is an error in the Swift 6 language mode [#SendableClosureCaptures]
1110 |                     } else if !rejected {
1111 |                         // 受け付けた（仕事ができて動いている）ときだけ「かしこまりました」。

/Users/shuhei/Projects/genie/apps/genie-macos/Sources/GenieMac/VoiceHUD/VoiceHUDState.swift:1113:48: warning: reference to captured var 'self' in concurrently-executing code; this is an error in the Swift 6 language mode [#SendableClosureCaptures]
1111 |                         // 受け付けた（仕事ができて動いている）ときだけ「かしこまりました」。
1112 |                         GenieStateStore.shared.showAck(DockAck(id: task.id, title: task.title))
1113 |                         if first.leftPending { self?.dockEvent(task.id, .awaitingApproval) }
     |                                                `- warning: reference to captured var 'self' in concurrently-executing code; this is an error in the Swift 6 language mode [#SendableClosureCaptures]
1114 |                         else if !followed.pendingApprovals.isEmpty { self?.dockEvent(task.id, .step(Facts.taskWorking)) }
1115 |                     }

/Users/shuhei/Projects/genie/apps/genie-macos/Sources/GenieMac/VoiceHUD/VoiceHUDState.swift:1114:70: warning: reference to captured var 'self' in concurrently-executing code; this is an error in the Swift 6 language mode [#SendableClosureCaptures]
1112 |                         GenieStateStore.shared.showAck(DockAck(id: task.id, title: task.title))
1113 |                         if first.leftPending { self?.dockEvent(task.id, .awaitingApproval) }
1114 |                         else if !followed.pendingApprovals.isEmpty { self?.dockEvent(task.id, .step(Facts.taskWorking)) }
     |                                                                      `- warning: reference to captured var 'self' in concurrently-executing code; this is an error in the Swift 6 language mode [#SendableClosureCaptures]
1115 |                     }
1116 |                     if !conversationListening, self?.isListeningSurface != true {

/Users/shuhei/Projects/genie/apps/genie-macos/Sources/GenieMac/VoiceHUD/VoiceHUDState.swift:1116:48: warning: reference to captured var 'self' in concurrently-executing code; this is an error in the Swift 6 language mode [#SendableClosureCaptures]
1114 |                         else if !followed.pendingApprovals.isEmpty { self?.dockEvent(task.id, .step(Facts.taskWorking)) }
1115 |                     }
1116 |                     if !conversationListening, self?.isListeningSurface != true {
     |                                                `- warning: reference to captured var 'self' in concurrently-executing code; this is an error in the Swift 6 language mode [#SendableClosureCaptures]
1117 |                         let hasText = !reply.text.trimmingCharacters(in: .whitespacesAndNewlines).isEmpty
1118 |                         if rejected, !inConversation, hasText {

/Users/shuhei/Projects/genie/apps/genie-macos/Sources/GenieMac/VoiceHUD/VoiceHUDState.swift:1120:29: warning: reference to captured var 'self' in concurrently-executing code; this is an error in the Swift 6 language mode [#SendableClosureCaptures]
1118 |                         if rejected, !inConversation, hasText {
1119 |                             // 受け付けたようには見せない。同じ面で理由と「閉じる」（会話では声で理由を言う）。
1120 |                             self?.mode = .idle
     |                             `- warning: reference to captured var 'self' in concurrently-executing code; this is an error in the Swift 6 language mode [#SendableClosureCaptures]
1121 |                             GenieStateStore.shared.showAck(DockAck(id: task.id, title: task.title, rejected: reply.text))
1122 |                         } else if reply.settled && hasText {

/Users/shuhei/Projects/genie/apps/genie-macos/Sources/GenieMac/VoiceHUD/VoiceHUDState.swift:1123:29: warning: reference to captured var 'self' in concurrently-executing code; this is an error in the Swift 6 language mode [#SendableClosureCaptures]
1121 |                             GenieStateStore.shared.showAck(DockAck(id: task.id, title: task.title, rejected: reply.text))
1122 |                         } else if reply.settled && hasText {
1123 |                             self?.mode = Self.presentation(for: reply)
     |                             `- warning: reference to captured var 'self' in concurrently-executing code; this is an error in the Swift 6 language mode [#SendableClosureCaptures]
1124 |                         } else if self?.conversation.isActive == true, hasText {
1125 |                             // 会話中は静かな入口へ戻さない（会話の行＝状態と「会話を終了」が消え、マイクが開いたまま

/Users/shuhei/Projects/genie/apps/genie-macos/Sources/GenieMac/VoiceHUD/VoiceHUDState.swift:1124:35: warning: reference to captured var 'self' in concurrently-executing code; this is an error in the Swift 6 language mode [#SendableClosureCaptures]
1122 |                         } else if reply.settled && hasText {
1123 |                             self?.mode = Self.presentation(for: reply)
1124 |                         } else if self?.conversation.isActive == true, hasText {
     |                                   `- warning: reference to captured var 'self' in concurrently-executing code; this is an error in the Swift 6 language mode [#SendableClosureCaptures]
1125 |                             // 会話中は静かな入口へ戻さない（会話の行＝状態と「会話を終了」が消え、マイクが開いたまま
1126 |                             // 何をしているか見えなくなる）。受け付けたことを面に出したまま次を聞く。

/Users/shuhei/Projects/genie/apps/genie-macos/Sources/GenieMac/VoiceHUD/VoiceHUDState.swift:1127:29: warning: reference to captured var 'self' in concurrently-executing code; this is an error in the Swift 6 language mode [#SendableClosureCaptures]
1125 |                             // 会話中は静かな入口へ戻さない（会話の行＝状態と「会話を終了」が消え、マイクが開いたまま
1126 |                             // 何をしているか見えなくなる）。受け付けたことを面に出したまま次を聞く。
1127 |                             self?.mode = .answer(reply.text)
     |                             `- warning: reference to captured var 'self' in concurrently-executing code; this is an error in the Swift 6 language mode [#SendableClosureCaptures]
1128 |                         } else {
1129 |                             self?.mode = .idle

/Users/shuhei/Projects/genie/apps/genie-macos/Sources/GenieMac/VoiceHUD/VoiceHUDState.swift:1129:29: warning: reference to captured var 'self' in concurrently-executing code; this is an error in the Swift 6 language mode [#SendableClosureCaptures]
1127 |                             self?.mode = .answer(reply.text)
1128 |                         } else {
1129 |                             self?.mode = .idle
     |                             `- warning: reference to captured var 'self' in concurrently-executing code; this is an error in the Swift 6 language mode [#SendableClosureCaptures]
1130 |                         }
1131 |                     }

/Users/shuhei/Projects/genie/apps/genie-macos/Sources/GenieMac/VoiceHUD/VoiceHUDState.swift:1135:21: warning: reference to captured var 'self' in concurrently-executing code; this is an error in the Swift 6 language mode [#SendableClosureCaptures]
1133 |                     // 受け付けた（または答えた）。以降の待ちは記録の更新だけで、次の依頼を塞がない。
1134 |                     // 同じ依頼の二重送信は、ここまで（送信〜受付）を塞げば防げる。
1135 |                     self?.requestInFlight = false
     |                     `- warning: reference to captured var 'self' in concurrently-executing code; this is an error in the Swift 6 language mode [#SendableClosureCaptures]
1136 |                     self?.conversationReply(reply, draft: !outcome.replyJson.isEmpty)
1137 |                     guard reply.settled, !outcome.replyJson.isEmpty else { return nil }

/Users/shuhei/Projects/genie/apps/genie-macos/Sources/GenieMac/VoiceHUD/VoiceHUDState.swift:1136:21: warning: reference to captured var 'self' in concurrently-executing code; this is an error in the Swift 6 language mode [#SendableClosureCaptures]
1134 |                     // 同じ依頼の二重送信は、ここまで（送信〜受付）を塞げば防げる。
1135 |                     self?.requestInFlight = false
1136 |                     self?.conversationReply(reply, draft: !outcome.replyJson.isEmpty)
     |                     `- warning: reference to captured var 'self' in concurrently-executing code; this is an error in the Swift 6 language mode [#SendableClosureCaptures]
1137 |                     guard reply.settled, !outcome.replyJson.isEmpty else { return nil }
1138 |                     return ReplyFlow.draft(replyJson: outcome.replyJson, body: reply.text)

/Users/shuhei/Projects/genie/apps/genie-macos/Sources/GenieMac/VoiceHUD/VoiceHUDState.swift:1158:25: warning: reference to captured var 'self' in concurrently-executing code; this is an error in the Swift 6 language mode [#SendableClosureCaptures]
1156 |                     }
1157 |                     let laterDraft: ReplyFlow.Draft? = await MainActor.run {
1158 |                         self?.applyReply(later, to: task.id)
     |                         `- warning: reference to captured var 'self' in concurrently-executing code; this is an error in the Swift 6 language mode [#SendableClosureCaptures]
1159 |                         guard later.settled else {
1160 |                             // 30 分で追うのをやめる。終わったとは言わない（状況は Work で確かめられる）。

/Users/shuhei/Projects/genie/apps/genie-macos/Sources/GenieMac/VoiceHUD/VoiceHUDState.swift:1158:42: warning: reference to captured var 'later' in concurrently-executing code; this is an error in the Swift 6 language mode [#SendableClosureCaptures]
1156 |                     }
1157 |                     let laterDraft: ReplyFlow.Draft? = await MainActor.run {
1158 |                         self?.applyReply(later, to: task.id)
     |                                          `- warning: reference to captured var 'later' in concurrently-executing code; this is an error in the Swift 6 language mode [#SendableClosureCaptures]
1159 |                         guard later.settled else {
1160 |                             // 30 分で追うのをやめる。終わったとは言わない（状況は Work で確かめられる）。

/Users/shuhei/Projects/genie/apps/genie-macos/Sources/GenieMac/VoiceHUD/VoiceHUDState.swift:1159:31: warning: reference to captured var 'later' in concurrently-executing code; this is an error in the Swift 6 language mode [#SendableClosureCaptures]
1157 |                     let laterDraft: ReplyFlow.Draft? = await MainActor.run {
1158 |                         self?.applyReply(later, to: task.id)
1159 |                         guard later.settled else {
     |                               `- warning: reference to captured var 'later' in concurrently-executing code; this is an error in the Swift 6 language mode [#SendableClosureCaptures]
1160 |                             // 30 分で追うのをやめる。終わったとは言わない（状況は Work で確かめられる）。
1161 |                             self?.dropFromDock(task.id)

/Users/shuhei/Projects/genie/apps/genie-macos/Sources/GenieMac/VoiceHUD/VoiceHUDState.swift:1161:29: warning: reference to captured var 'self' in concurrently-executing code; this is an error in the Swift 6 language mode [#SendableClosureCaptures]
1159 |                         guard later.settled else {
1160 |                             // 30 分で追うのをやめる。終わったとは言わない（状況は Work で確かめられる）。
1161 |                             self?.dropFromDock(task.id)
     |                             `- warning: reference to captured var 'self' in concurrently-executing code; this is an error in the Swift 6 language mode [#SendableClosureCaptures]
1162 |                             return nil
1163 |                         }

/Users/shuhei/Projects/genie/apps/genie-macos/Sources/GenieMac/VoiceHUD/VoiceHUDState.swift:1167:39: warning: reference to captured var 'later' in concurrently-executing code; this is an error in the Swift 6 language mode [#SendableClosureCaptures]
1165 |                         // 会話が次のターンを聞いていないときだけ出す（聞いている面・新しい答えを上書きしない）。
1166 |                         // それ以外は Dock の結果（何ができたかと、開く・コピー）になる。
1167 |                         if let card = later.card, card.hasContent {
     |                                       `- warning: reference to captured var 'later' in concurrently-executing code; this is an error in the Swift 6 language mode [#SendableClosureCaptures]
1168 |                             self?.dropFromDock(task.id)
1169 |                             if let self, self.latestRequestID == task.id, !self.conversation.isActive, !self.isListeningSurface {

/Users/shuhei/Projects/genie/apps/genie-macos/Sources/GenieMac/VoiceHUD/VoiceHUDState.swift:1168:29: warning: reference to captured var 'self' in concurrently-executing code; this is an error in the Swift 6 language mode [#SendableClosureCaptures]
1166 |                         // それ以外は Dock の結果（何ができたかと、開く・コピー）になる。
1167 |                         if let card = later.card, card.hasContent {
1168 |                             self?.dropFromDock(task.id)
     |                             `- warning: reference to captured var 'self' in concurrently-executing code; this is an error in the Swift 6 language mode [#SendableClosureCaptures]
1169 |                             if let self, self.latestRequestID == task.id, !self.conversation.isActive, !self.isListeningSurface {
1170 |                                 self.answer = later.text

/Users/shuhei/Projects/genie/apps/genie-macos/Sources/GenieMac/VoiceHUD/VoiceHUDState.swift:1169:36: warning: reference to captured var 'self' in concurrently-executing code; this is an error in the Swift 6 language mode [#SendableClosureCaptures]
1167 |                         if let card = later.card, card.hasContent {
1168 |                             self?.dropFromDock(task.id)
1169 |                             if let self, self.latestRequestID == task.id, !self.conversation.isActive, !self.isListeningSurface {
     |                                    `- warning: reference to captured var 'self' in concurrently-executing code; this is an error in the Swift 6 language mode [#SendableClosureCaptures]
1170 |                                 self.answer = later.text
1171 |                                 self.mode = .card(card)

/Users/shuhei/Projects/genie/apps/genie-macos/Sources/GenieMac/VoiceHUD/VoiceHUDState.swift:1170:47: warning: reference to captured var 'later' in concurrently-executing code; this is an error in the Swift 6 language mode [#SendableClosureCaptures]
1168 |                             self?.dropFromDock(task.id)
1169 |                             if let self, self.latestRequestID == task.id, !self.conversation.isActive, !self.isListeningSurface {
1170 |                                 self.answer = later.text
     |                                               `- warning: reference to captured var 'later' in concurrently-executing code; this is an error in the Swift 6 language mode [#SendableClosureCaptures]
1171 |                                 self.mode = .card(card)
1172 |                             }

/Users/shuhei/Projects/genie/apps/genie-macos/Sources/GenieMac/VoiceHUD/VoiceHUDState.swift:1174:29: warning: reference to captured var 'self' in concurrently-executing code; this is an error in the Swift 6 language mode [#SendableClosureCaptures]
1172 |                             }
1173 |                         } else {
1174 |                             self?.finishOnDock(task.id, reply: later, title: task.title)
     |                             `- warning: reference to captured var 'self' in concurrently-executing code; this is an error in the Swift 6 language mode [#SendableClosureCaptures]
1175 |                             if let self, self.latestRequestID == task.id { self.answer = later.text }
1176 |                         }

/Users/shuhei/Projects/genie/apps/genie-macos/Sources/GenieMac/VoiceHUD/VoiceHUDState.swift:1174:64: warning: reference to captured var 'later' in concurrently-executing code; this is an error in the Swift 6 language mode [#SendableClosureCaptures]
1172 |                             }
1173 |                         } else {
1174 |                             self?.finishOnDock(task.id, reply: later, title: task.title)
     |                                                                `- warning: reference to captured var 'later' in concurrently-executing code; this is an error in the Swift 6 language mode [#SendableClosureCaptures]
1175 |                             if let self, self.latestRequestID == task.id { self.answer = later.text }
1176 |                         }

/Users/shuhei/Projects/genie/apps/genie-macos/Sources/GenieMac/VoiceHUD/VoiceHUDState.swift:1175:36: warning: reference to captured var 'self' in concurrently-executing code; this is an error in the Swift 6 language mode [#SendableClosureCaptures]
1173 |                         } else {
1174 |                             self?.finishOnDock(task.id, reply: later, title: task.title)
1175 |                             if let self, self.latestRequestID == task.id { self.answer = later.text }
     |                                    `- warning: reference to captured var 'self' in concurrently-executing code; this is an error in the Swift 6 language mode [#SendableClosureCaptures]
1176 |                         }
1177 |                         VisualContextStore.shared.markRecent(attached)

/Users/shuhei/Projects/genie/apps/genie-macos/Sources/GenieMac/VoiceHUD/VoiceHUDState.swift:1175:90: warning: reference to captured var 'later' in concurrently-executing code; this is an error in the Swift 6 language mode [#SendableClosureCaptures]
1173 |                         } else {
1174 |                             self?.finishOnDock(task.id, reply: later, title: task.title)
1175 |                             if let self, self.latestRequestID == task.id { self.answer = later.text }
     |                                                                                          `- warning: reference to captured var 'later' in concurrently-executing code; this is an error in the Swift 6 language mode [#SendableClosureCaptures]
1176 |                         }
1177 |                         VisualContextStore.shared.markRecent(attached)

/Users/shuhei/Projects/genie/apps/genie-macos/Sources/GenieMac/VoiceHUD/VoiceHUDState.swift:1179:84: warning: reference to captured var 'later' in concurrently-executing code; this is an error in the Swift 6 language mode [#SendableClosureCaptures]
1177 |                         VisualContextStore.shared.markRecent(attached)
1178 |                         guard !outcome.replyJson.isEmpty else { return nil }
1179 |                         return ReplyFlow.draft(replyJson: outcome.replyJson, body: later.text)
     |                                                                                    `- warning: reference to captured var 'later' in concurrently-executing code; this is an error in the Swift 6 language mode [#SendableClosureCaptures]
1180 |                     }
1181 |                     if let laterDraft { await ReplyFlow.shared.present(laterDraft) }

/Users/shuhei/Projects/genie/apps/genie-macos/Sources/GenieMac/VoiceHUD/VoiceHUDState.swift:1183:43: warning: reference to captured var 'self' in concurrently-executing code; this is an error in the Swift 6 language mode [#SendableClosureCaptures]
1181 |                     if let laterDraft { await ReplyFlow.shared.present(laterDraft) }
1182 |                 }
1183 |                 await MainActor.run { _ = self?.followingRequests.remove(task.id) }
     |                                           `- warning: reference to captured var 'self' in concurrently-executing code; this is an error in the Swift 6 language mode [#SendableClosureCaptures]
1184 |             } catch {
1185 |                 await MainActor.run {

/Users/shuhei/Projects/genie/apps/genie-macos/Sources/GenieMac/VoiceHUD/VoiceHUDState.swift:1186:21: warning: reference to captured var 'self' in concurrently-executing code; this is an error in the Swift 6 language mode [#SendableClosureCaptures]
1184 |             } catch {
1185 |                 await MainActor.run {
1186 |                     self?.updateRequest(task.id) {
     |                     `- warning: reference to captured var 'self' in concurrently-executing code; this is an error in the Swift 6 language mode [#SendableClosureCaptures]
1187 |                         if !$0.canReuse { return }
1188 |                         $0.phase = .unknown

/Users/shuhei/Projects/genie/apps/genie-macos/Sources/GenieMac/VoiceHUD/VoiceHUDState.swift:1201:21: warning: reference to captured var 'self' in concurrently-executing code; this is an error in the Swift 6 language mode [#SendableClosureCaptures]
1199 |                     // その間に始まった新しい依頼の送信中を解かない（二重送信を防げなくなる）。
1200 |                     // 行は外す（仕事が失敗したとは言えない。状況は Work で確かめられる）。
1201 |                     self?.dropFromDock(task.id)
     |                     `- warning: reference to captured var 'self' in concurrently-executing code; this is an error in the Swift 6 language mode [#SendableClosureCaptures]
1202 |                     if let self, self.latestRequestID == task.id {
1203 |                         self.answer = "接続を確認してください。依頼と現在の状況は Work に保存されています。"

/Users/shuhei/Projects/genie/apps/genie-macos/Sources/GenieMac/VoiceHUD/VoiceHUDState.swift:1202:28: warning: reference to captured var 'self' in concurrently-executing code; this is an error in the Swift 6 language mode [#SendableClosureCaptures]
1200 |                     // 行は外す（仕事が失敗したとは言えない。状況は Work で確かめられる）。
1201 |                     self?.dropFromDock(task.id)
1202 |                     if let self, self.latestRequestID == task.id {
     |                            `- warning: reference to captured var 'self' in concurrently-executing code; this is an error in the Swift 6 language mode [#SendableClosureCaptures]
1203 |                         self.answer = "接続を確認してください。依頼と現在の状況は Work に保存されています。"
1204 |                         if !self.conversation.isActive, !self.isListeningSurface { self.mode = .idle }

/Users/shuhei/Projects/genie/apps/genie-macos/Sources/GenieMac/VoiceHUD/VoiceHUDState.swift:1208:24: warning: reference to captured var 'self' in concurrently-executing code; this is an error in the Swift 6 language mode [#SendableClosureCaptures]
1206 |                     }
1207 |                     // 会話へ返すのは、この依頼がまだいまの依頼のとき（後から始まったターンの答えにしない）。
1208 |                     if self?.latestRequestID == task.id {
     |                        `- warning: reference to captured var 'self' in concurrently-executing code; this is an error in the Swift 6 language mode [#SendableClosureCaptures]
1209 |                         self?.conversationReply(nil, failed: "接続できませんでした。依頼は Work に残っています。")
1210 |                     }

/Users/shuhei/Projects/genie/apps/genie-macos/Sources/GenieMac/VoiceHUD/VoiceHUDState.swift:1209:25: warning: reference to captured var 'self' in concurrently-executing code; this is an error in the Swift 6 language mode [#SendableClosureCaptures]
1207 |                     // 会話へ返すのは、この依頼がまだいまの依頼のとき（後から始まったターンの答えにしない）。
1208 |                     if self?.latestRequestID == task.id {
1209 |                         self?.conversationReply(nil, failed: "接続できませんでした。依頼は Work に残っています。")
     |                         `- warning: reference to captured var 'self' in concurrently-executing code; this is an error in the Swift 6 language mode [#SendableClosureCaptures]
1210 |                     }
1211 |                     self?.followingRequests.remove(task.id)

/Users/shuhei/Projects/genie/apps/genie-macos/Sources/GenieMac/VoiceHUD/VoiceHUDState.swift:1211:21: warning: reference to captured var 'self' in concurrently-executing code; this is an error in the Swift 6 language mode [#SendableClosureCaptures]
1209 |                         self?.conversationReply(nil, failed: "接続できませんでした。依頼は Work に残っています。")
1210 |                     }
1211 |                     self?.followingRequests.remove(task.id)
     |                     `- warning: reference to captured var 'self' in concurrently-executing code; this is an error in the Swift 6 language mode [#SendableClosureCaptures]
1212 |                 }
1213 |             }

/Users/shuhei/Projects/genie/apps/genie-macos/Sources/GenieMac/VoiceHUD/VoiceHUDState.swift:1498:37: warning: result of call to 'run(resultType:body:)' is unused [#no-usage]
1496 |                     }
1497 |                     outcome = recovered
1498 |                     await MainActor.run { self?.updateRequest(id) { $0.backendTaskID = recovered.taskId } }
     |                                     `- warning: result of call to 'run(resultType:body:)' is unused [#no-usage]
1499 |                 } else {
1500 |                     outcome = TurnOutcome(needsClarification: false, answer: "", taskId: record.backendTaskID, notice: "", replyJson: "")

/Users/shuhei/Projects/genie/apps/genie-macos/Sources/GenieMac/VoiceHUD/VoiceHUDState.swift:1492:29: warning: reference to captured var 'self' in concurrently-executing code; this is an error in the Swift 6 language mode [#SendableClosureCaptures]
1490 |                           let recovered = try GenieCoreBridge.recoverTurn(base, accessToken: token, conversationId: record.conversationID, requestId: receipt) else {
1491 |                         await MainActor.run {
1492 |                             self?.updateRequest(id) { $0.phase = .unknown; $0.message = "受付の処理結果はまだ確認できません。時間をおいて状況を確認してください。依頼は再送しません。" }
     |                             `- warning: reference to captured var 'self' in concurrently-executing code; this is an error in the Swift 6 language mode [#SendableClosureCaptures]
1493 |                             self?.refreshingRequests.remove(id)
1494 |                         }

/Users/shuhei/Projects/genie/apps/genie-macos/Sources/GenieMac/VoiceHUD/VoiceHUDState.swift:1493:29: warning: reference to captured var 'self' in concurrently-executing code; this is an error in the Swift 6 language mode [#SendableClosureCaptures]
1491 |                         await MainActor.run {
1492 |                             self?.updateRequest(id) { $0.phase = .unknown; $0.message = "受付の処理結果はまだ確認できません。時間をおいて状況を確認してください。依頼は再送しません。" }
1493 |                             self?.refreshingRequests.remove(id)
     |                             `- warning: reference to captured var 'self' in concurrently-executing code; this is an error in the Swift 6 language mode [#SendableClosureCaptures]
1494 |                         }
1495 |                         return

/Users/shuhei/Projects/genie/apps/genie-macos/Sources/GenieMac/VoiceHUD/VoiceHUDState.swift:1498:43: warning: reference to captured var 'self' in concurrently-executing code; this is an error in the Swift 6 language mode [#SendableClosureCaptures]
1496 |                     }
1497 |                     outcome = recovered
1498 |                     await MainActor.run { self?.updateRequest(id) { $0.backendTaskID = recovered.taskId } }
     |                                           `- warning: reference to captured var 'self' in concurrently-executing code; this is an error in the Swift 6 language mode [#SendableClosureCaptures]
1499 |                 } else {
1500 |                     outcome = TurnOutcome(needsClarification: false, answer: "", taskId: record.backendTaskID, notice: "", replyJson: "")

/Users/shuhei/Projects/genie/apps/genie-macos/Sources/GenieMac/VoiceHUD/VoiceHUDState.swift:1507:39: warning: reference to captured var 'self' in concurrently-executing code; this is an error in the Swift 6 language mode [#SendableClosureCaptures]
1505 |                         onPending: { self?.recordApprovalWait(id) }).reply
1506 |                     : first.reply
1507 |                 await MainActor.run { self?.applyReply(reply, to: id); self?.refreshingRequests.remove(id) }
     |                                       `- warning: reference to captured var 'self' in concurrently-executing code; this is an error in the Swift 6 language mode [#SendableClosureCaptures]
1508 |             } catch {
1509 |                 await MainActor.run {

/Users/shuhei/Projects/genie/apps/genie-macos/Sources/GenieMac/VoiceHUD/VoiceHUDState.swift:1507:72: warning: reference to captured var 'self' in concurrently-executing code; this is an error in the Swift 6 language mode [#SendableClosureCaptures]
1505 |                         onPending: { self?.recordApprovalWait(id) }).reply
1506 |                     : first.reply
1507 |                 await MainActor.run { self?.applyReply(reply, to: id); self?.refreshingRequests.remove(id) }
     |                                                                        `- warning: reference to captured var 'self' in concurrently-executing code; this is an error in the Swift 6 language mode [#SendableClosureCaptures]
1508 |             } catch {
1509 |                 await MainActor.run {

/Users/shuhei/Projects/genie/apps/genie-macos/Sources/GenieMac/VoiceHUD/VoiceHUDState.swift:1510:21: warning: reference to captured var 'self' in concurrently-executing code; this is an error in the Swift 6 language mode [#SendableClosureCaptures]
1508 |             } catch {
1509 |                 await MainActor.run {
1510 |                     self?.recordReadFailure(id, message: "状況を取得できませんでした。接続を確認してから、もう一度状況を確認できます。")
     |                     `- warning: reference to captured var 'self' in concurrently-executing code; this is an error in the Swift 6 language mode [#SendableClosureCaptures]
1511 |                     self?.refreshingRequests.remove(id)
1512 |                 }

/Users/shuhei/Projects/genie/apps/genie-macos/Sources/GenieMac/VoiceHUD/VoiceHUDState.swift:1511:21: warning: reference to captured var 'self' in concurrently-executing code; this is an error in the Swift 6 language mode [#SendableClosureCaptures]
1509 |                 await MainActor.run {
1510 |                     self?.recordReadFailure(id, message: "状況を取得できませんでした。接続を確認してから、もう一度状況を確認できます。")
1511 |                     self?.refreshingRequests.remove(id)
     |                     `- warning: reference to captured var 'self' in concurrently-executing code; this is an error in the Swift 6 language mode [#SendableClosureCaptures]
1512 |                 }
1513 |             }

[#ActorIsolatedCall]: <https://docs.swift.org/compiler/documentation/diagnostics/actor-isolated-call>
[#DeprecatedDeclaration]: <https://docs.swift.org/compiler/documentation/diagnostics/deprecated-declaration>
[#SendableClosureCaptures]: <https://docs.swift.org/compiler/documentation/diagnostics/sendable-closure-captures>
[#TrailingClosureMatching]: <https://docs.swift.org/compiler/documentation/diagnostics/trailing-closure-matching>
[3/5] Write Objects.LinkFileList
ld: warning: object file (/Users/shuhei/Projects/genie/core/genie-core/target/debug/libgenie_core.a[358](25ac62e5b3c53843-curve25519.o)) was built for newer 'macOS' version (26.5) than being linked (14.0)
ld: warning: object file (/Users/shuhei/Projects/genie/core/genie-core/target/debug/libgenie_core.a[359](0bbbd18bda93c05b-aes_nohw.o)) was built for newer 'macOS' version (26.5) than being linked (14.0)
ld: warning: object file (/Users/shuhei/Projects/genie/core/genie-core/target/debug/libgenie_core.a[360](00c879ee3285a50d-montgomery.o)) was built for newer 'macOS' version (26.5) than being linked (14.0)
ld: warning: object file (/Users/shuhei/Projects/genie/core/genie-core/target/debug/libgenie_core.a[361](00c879ee3285a50d-montgomery_inv.o)) was built for newer 'macOS' version (26.5) than being linked (14.0)
ld: warning: object file (/Users/shuhei/Projects/genie/core/genie-core/target/debug/libgenie_core.a[362](a0330e891e733f4e-ecp_nistz.o)) was built for newer 'macOS' version (26.5) than being linked (14.0)
ld: warning: object file (/Users/shuhei/Projects/genie/core/genie-core/target/debug/libgenie_core.a[364](a0330e891e733f4e-gfp_p384.o)) was built for newer 'macOS' version (26.5) than being linked (14.0)
ld: warning: object file (/Users/shuhei/Projects/genie/core/genie-core/target/debug/libgenie_core.a[366](aaa1ba3e455ee2e1-limbs.o)) was built for newer 'macOS' version (26.5) than being linked (14.0)
ld: warning: object file (/Users/shuhei/Projects/genie/core/genie-core/target/debug/libgenie_core.a[367](a4019cc0736b0423-mem.o)) was built for newer 'macOS' version (26.5) than being linked (14.0)
ld: warning: object file (/Users/shuhei/Projects/genie/core/genie-core/target/debug/libgenie_core.a[368](d5a9841f3dc6e253-poly1305.o)) was built for newer 'macOS' version (26.5) than being linked (14.0)
ld: warning: object file (/Users/shuhei/Projects/genie/core/genie-core/target/debug/libgenie_core.a[369](a0330e891e733f4e-p256-nistz.o)) was built for newer 'macOS' version (26.5) than being linked (14.0)
ld: warning: object file (/Users/shuhei/Projects/genie/core/genie-core/target/debug/libgenie_core.a[370](c322a0bcc369f531-chacha-armv8-ios64.o)) was built for newer 'macOS' version (26.5) than being linked (14.0)
ld: warning: object file (/Users/shuhei/Projects/genie/core/genie-core/target/debug/libgenie_core.a[371](c322a0bcc369f531-chacha20_poly1305_armv8-ios64.o)) was built for newer 'macOS' version (26.5) than being linked (14.0)
ld: warning: object file (/Users/shuhei/Projects/genie/core/genie-core/target/debug/libgenie_core.a[372](c322a0bcc369f531-aesv8-armx-ios64.o)) was built for newer 'macOS' version (26.5) than being linked (14.0)
ld: warning: object file (/Users/shuhei/Projects/genie/core/genie-core/target/debug/libgenie_core.a[373](c322a0bcc369f531-aesv8-gcm-armv8-ios64.o)) was built for newer 'macOS' version (26.5) than being linked (14.0)
ld: warning: object file (/Users/shuhei/Projects/genie/core/genie-core/target/debug/libgenie_core.a[374](c322a0bcc369f531-ghash-neon-armv8-ios64.o)) was built for newer 'macOS' version (26.5) than being linked (14.0)
ld: warning: object file (/Users/shuhei/Projects/genie/core/genie-core/target/debug/libgenie_core.a[375](c322a0bcc369f531-ghashv8-armx-ios64.o)) was built for newer 'macOS' version (26.5) than being linked (14.0)
ld: warning: object file (/Users/shuhei/Projects/genie/core/genie-core/target/debug/libgenie_core.a[376](c322a0bcc369f531-vpaes-armv8-ios64.o)) was built for newer 'macOS' version (26.5) than being linked (14.0)
ld: warning: object file (/Users/shuhei/Projects/genie/core/genie-core/target/debug/libgenie_core.a[377](c322a0bcc369f531-armv8-mont-ios64.o)) was built for newer 'macOS' version (26.5) than being linked (14.0)
ld: warning: object file (/Users/shuhei/Projects/genie/core/genie-core/target/debug/libgenie_core.a[378](c322a0bcc369f531-p256-armv8-asm-ios64.o)) was built for newer 'macOS' version (26.5) than being linked (14.0)
ld: warning: object file (/Users/shuhei/Projects/genie/core/genie-core/target/debug/libgenie_core.a[379](c322a0bcc369f531-sha512-armv8-ios64.o)) was built for newer 'macOS' version (26.5) than being linked (14.0)
ld: warning: object file (/Users/shuhei/Projects/genie/core/genie-core/target/debug/libgenie_core.a[380](c322a0bcc369f531-sha256-armv8-ios64.o)) was built for newer 'macOS' version (26.5) than being linked (14.0)
ld: warning: object file (/Users/shuhei/Projects/genie/core/genie-core/target/debug/libgenie_core.a[560](std-ddc72da0927e9db9.std.61a5f0013896dfb1-cgu.0.rcgu.o)) was built for newer 'macOS' version (26.0) than being linked (14.0)
ld: warning: object file (/Users/shuhei/Projects/genie/core/genie-core/target/debug/libgenie_core.a[561](panic_unwind-63ea78ca2e1c0db3.panic_unwind.b9418b0471e31d36-cgu.0.rcgu.o)) was built for newer 'macOS' version (26.0) than being linked (14.0)
ld: warning: object file (/Users/shuhei/Projects/genie/core/genie-core/target/debug/libgenie_core.a[562](object-c0adbf29d899f046.object.cf48ae80852c1dc4-cgu.0.rcgu.o)) was built for newer 'macOS' version (26.0) than being linked (14.0)
ld: warning: object file (/Users/shuhei/Projects/genie/core/genie-core/target/debug/libgenie_core.a[564](addr2line-b92825ace6709456.addr2line.f3cce53e8c22052d-cgu.0.rcgu.o)) was built for newer 'macOS' version (26.0) than being linked (14.0)
ld: warning: object file (/Users/shuhei/Projects/genie/core/genie-core/target/debug/libgenie_core.a[565](gimli-49cd0cae66d7f640.gimli.a9de2a852aa7a696-cgu.0.rcgu.o)) was built for newer 'macOS' version (26.0) than being linked (14.0)
ld: warning: object file (/Users/shuhei/Projects/genie/core/genie-core/target/debug/libgenie_core.a[567](rustc_demangle-a5e20ae1249591d9.rustc_demangle.c8ddca633150ec1-cgu.0.rcgu.o)) was built for newer 'macOS' version (26.0) than being linked (14.0)
ld: warning: object file (/Users/shuhei/Projects/genie/core/genie-core/target/debug/libgenie_core.a[569](hashbrown-7ef914ecbc5b3828.hashbrown.f3d328c4a0fd8a24-cgu.0.rcgu.o)) was built for newer 'macOS' version (26.0) than being linked (14.0)
ld: warning: object file (/Users/shuhei/Projects/genie/core/genie-core/target/debug/libgenie_core.a[571](miniz_oxide-d817fa4718a8ef96.miniz_oxide.cf735aedbe58ef77-cgu.0.rcgu.o)) was built for newer 'macOS' version (26.0) than being linked (14.0)
ld: warning: object file (/Users/shuhei/Projects/genie/core/genie-core/target/debug/libgenie_core.a[572](adler2-b603e41842b612c3.adler2.c400f6a6402c7116-cgu.0.rcgu.o)) was built for newer 'macOS' version (26.0) than being linked (14.0)
ld: warning: object file (/Users/shuhei/Projects/genie/core/genie-core/target/debug/libgenie_core.a[576](alloc-7d19d4a84a64ec6c.alloc.650f235c7e2e357a-cgu.0.rcgu.o)) was built for newer 'macOS' version (26.0) than being linked (14.0)
ld: warning: object file (/Users/shuhei/Projects/genie/core/genie-core/target/debug/libgenie_core.a[577](core-f186bd403406965f.core.aedb9fd4ead64aec-cgu.0.rcgu.o)) was built for newer 'macOS' version (26.0) than being linked (14.0)
ld: warning: object file (/Users/shuhei/Projects/genie/core/genie-core/target/debug/libgenie_core.a[594](compiler_builtins-28935136ed986f39.compiler_builtins.bb8f0d37d096e781-cgu.016.rcgu.o)) was built for newer 'macOS' version (26.0) than being linked (14.0)
ld: warning: object file (/Users/shuhei/Projects/genie/core/genie-core/target/debug/libgenie_core.a[722](compiler_builtins-28935136ed986f39.compiler_builtins.bb8f0d37d096e781-cgu.144.rcgu.o)) was built for newer 'macOS' version (26.0) than being linked (14.0)
ld: warning: object file (/Users/shuhei/Projects/genie/core/genie-core/target/debug/libgenie_core.a[771](compiler_builtins-28935136ed986f39.compiler_builtins.bb8f0d37d096e781-cgu.193.rcgu.o)) was built for newer 'macOS' version (26.0) than being linked (14.0)
[4/5] Linking GenieMac
Build complete! (77.78s)
/Users/shuhei/Projects/astra/apps/genie-macos/.build/Genie.app/Contents/Frameworks/Sparkle.framework/Versions/B/Autoupdate: replacing existing signature
/Users/shuhei/Projects/astra/apps/genie-macos/.build/Genie.app/Contents/Frameworks/Sparkle.framework/Versions/B/Updater.app: replacing existing signature
/Users/shuhei/Projects/astra/apps/genie-macos/.build/Genie.app/Contents/Frameworks/Sparkle.framework/Versions/B/XPCServices/Downloader.xpc: replacing existing signature
/Users/shuhei/Projects/astra/apps/genie-macos/.build/Genie.app/Contents/Frameworks/Sparkle.framework/Versions/B/XPCServices/Installer.xpc: replacing existing signature
/Users/shuhei/Projects/astra/apps/genie-macos/.build/Genie.app/Contents/Frameworks/Sparkle.framework/Autoupdate: replacing existing signature
/Users/shuhei/Projects/astra/apps/genie-macos/.build/Genie.app/Contents/Frameworks/Sparkle.framework/Updater.app: replacing existing signature
/Users/shuhei/Projects/astra/apps/genie-macos/.build/Genie.app/Contents/Frameworks/Sparkle.framework: replacing existing signature
/Users/shuhei/Projects/astra/apps/genie-macos/.build/Genie.app: replacing existing signature
--prepared:/Users/shuhei/Projects/genie/apps/genie-macos/.build/Genie.app/Contents/Frameworks/Sparkle.framework/Versions/Current/.
--validated:/Users/shuhei/Projects/genie/apps/genie-macos/.build/Genie.app/Contents/Frameworks/Sparkle.framework/Versions/Current/.
/Users/shuhei/Projects/astra/apps/genie-macos/.build/Genie.app: valid on disk
/Users/shuhei/Projects/astra/apps/genie-macos/.build/Genie.app: satisfies its Designated Requirement
Identifier=com.astra.desktop
Authority=Apple Development: Shuhei Horio (N5DXXRWC3M)
TeamIdentifier=6RR7572ZLU
launch: OK（実行体は起動する）
packaged: /Users/shuhei/Projects/astra/apps/genie-macos/.build/Genie.app
実 Calendar 検証: open "/Users/shuhei/Projects/astra/apps/genie-macos/.build/Genie.app" --args --selftest calendarlive  → プロンプトで許可 → 結果は /tmp/astra-calendarlive.txt

== genie-core tests ==
test result: ok. 46 passed; 0 failed; 0 ignored; 0 measured; 0 filtered out; finished in 2.01s
test result: ok. 0 passed; 0 failed; 0 ignored; 0 measured; 0 filtered out; finished in 0.00s
test result: ok. 0 passed; 0 failed; 0 ignored; 0 measured; 0 filtered out; finished in 0.00s

== Tauri Rust regression ==
test result: ok. 71 passed; 0 failed; 0 ignored; 0 measured; 3 filtered out; finished in 0.22s
test result: ok. 0 passed; 0 failed; 0 ignored; 0 measured; 0 filtered out; finished in 0.00s
test result: ok. 0 passed; 0 failed; 0 ignored; 0 measured; 0 filtered out; finished in 0.00s
    Finished `test` profile [unoptimized + debuginfo] target(s) in 0.18s
     Running unittests src/lib.rs (target/debug/deps/genie_desktop_lib-89769e206d2d0aea)

running 3 tests
test stt::recognizer::real::measures_the_first_partial ... [real] window=1500ms hop=1200ms | audio_to_first_partial=1500ms decode=29ms projected_first_partial=1529ms | final=Final { text: "気象庁は雪や路面の凍結による交通への影響暴風雪や高波に警戒揺れ雪崩や屋根からの落雪にも十分注意いま", started_at_ms: 0, ended_at_ms: 12000 }
[real] §23 localSttFirstPartial budget=350ms projected=1529ms -> OVER
ok
test stt::recognizer::real::shows_what_a_shorter_window_costs ... [real] window=6000ms decode_total=243ms chars=70 -> "気象庁は雪や路面の凍結による交通への影響暴風雪や高波に警戒するとともに雪崩や屋根からの落雪にも道路の落雪にも十分注意するよう呼びかけています"
[real] window=1500ms decode_total=287ms chars=49 -> "気象庁は雪や路面の凍結による交通への影響暴風雪や高波に警戒揺れ雪崩や屋根からの落雪にも十分注意いま"
[real] window=700ms decode_total=346ms chars=54 -> "気象庁はい雪や交通への影響その影響暴風台風雪高波に警戒がともに名だマダリア屋根から十分注意うん続いています何"
ok
test stt::recognizer::real::transcribes_a_real_recording ... [real] 1.wav (13.4s audio) -> 198ms -> "気象庁は雪や路面の凍結による交通への影響暴風雪や高波に警戒するとともに雪崩や屋根からの落雪にも十分注意するよう呼びかけています"
ok

test result: ok. 3 passed; 0 failed; 0 ignored; 0 measured; 71 filtered out; finished in 6.59s

TAURI_TESTS_OK: unit and isolated real STT assertions completed (quality/latency observations are separate)

== Tauri desktop JS regression ==

> @genie/desktop@0.0.0 test /Users/shuhei/Projects/genie/apps/desktop
> vitest run --passWithNoTests


 RUN  v3.2.7 /Users/shuhei/Projects/genie/apps/desktop

(node:98987) ExperimentalWarning: localStorage is not available because --localstorage-file was not provided.
(Use `node --trace-warnings ...` to show where the warning was created)
(node:98991) ExperimentalWarning: localStorage is not available because --localstorage-file was not provided.
(Use `node --trace-warnings ...` to show where the warning was created)
(node:98986) ExperimentalWarning: localStorage is not available because --localstorage-file was not provided.
(Use `node --trace-warnings ...` to show where the warning was created)
(node:98985) ExperimentalWarning: localStorage is not available because --localstorage-file was not provided.
(Use `node --trace-warnings ...` to show where the warning was created)
(node:98983) ExperimentalWarning: localStorage is not available because --localstorage-file was not provided.
(Use `node --trace-warnings ...` to show where the warning was created)
(node:98989) ExperimentalWarning: localStorage is not available because --localstorage-file was not provided.
(Use `node --trace-warnings ...` to show where the warning was created)
(node:98990) ExperimentalWarning: localStorage is not available because --localstorage-file was not provided.
(Use `node --trace-warnings ...` to show where the warning was created)
(node:98995) ExperimentalWarning: localStorage is not available because --localstorage-file was not provided.
(Use `node --trace-warnings ...` to show where the warning was created)
(node:98994) ExperimentalWarning: localStorage is not available because --localstorage-file was not provided.
(Use `node --trace-warnings ...` to show where the warning was created)
(node:98993) ExperimentalWarning: localStorage is not available because --localstorage-file was not provided.
(Use `node --trace-warnings ...` to show where the warning was created)
(node:98984) ExperimentalWarning: localStorage is not available because --localstorage-file was not provided.
(Use `node --trace-warnings ...` to show where the warning was created)
(node:98992) ExperimentalWarning: localStorage is not available because --localstorage-file was not provided.
(Use `node --trace-warnings ...` to show where the warning was created)
(node:98988) ExperimentalWarning: localStorage is not available because --localstorage-file was not provided.
(Use `node --trace-warnings ...` to show where the warning was created)
 ✓ test/artifact-actions.test.tsx (4 tests) 147ms
 ✓ test/evidence.test.tsx (12 tests) 106ms
(node:99013) ExperimentalWarning: localStorage is not available because --localstorage-file was not provided.
(Use `node --trace-warnings ...` to show where the warning was created)
 ✓ test/dock-pill.test.tsx (9 tests) 71ms
 ✓ test/work-detail.test.tsx (15 tests) 156ms
 ✓ test/apps.test.tsx (17 tests) 165ms
 ✓ test/home-library.test.tsx (32 tests) 219ms
stderr | test/meeting.test.tsx > MeetingProvider (§12) > records only after consent, then shows the minimal indicator
In HTML, <button> cannot be a descendant of <button>.
This will cause a hydration error.

  <Harness client={{...}}>
    <MeetingProvider client={{...}}>
      <MeetingLayer>
        <div className="astra-meet..." data-phase="live">
>         <button
>           type="button"
>           className="astra-meeting-layer__collapsed"
>           onClick={function onClick}
>           aria-label="A社 新規提案 の画面を開く"
>         >
            <RecordingIndicator state="recording" title="A社 新規提案" elapsedMs={0} speakers={0} ...>
              <div className="astra-rec" data-state="recording" role="status" aria-label="Recording ...">
                <span>
                <span>
                <span>
                <span>
                <span>
                <span>
>               <button
>                 type="button"
>                 className="astra-rec__button"
>                 aria-label="一時停止"
>                 title="一時停止"
>                 onClick={function togglePause}
>               >
                ...
          ...
      ...

<button> cannot contain a nested <button>.
See this log for the ancestor stack trace.

 ✓ test/topbar.test.tsx (10 tests) 138ms
 ✓ test/session.test.tsx (5 tests) 250ms
(node:99015) ExperimentalWarning: localStorage is not available because --localstorage-file was not provided.
(Use `node --trace-warnings ...` to show where the warning was created)
 ✓ test/ux-acceptance.test.tsx (22 tests) 287ms
 ✓ test/meeting.test.tsx (26 tests) 329ms
 ✓ test/shell.test.tsx (18 tests) 300ms
(node:99018) ExperimentalWarning: localStorage is not available because --localstorage-file was not provided.
(Use `node --trace-warnings ...` to show where the warning was created)
(node:99017) ExperimentalWarning: localStorage is not available because --localstorage-file was not provided.
(Use `node --trace-warnings ...` to show where the warning was created)
 ✓ test/proactive.test.tsx (6 tests) 117ms
(node:99019) ExperimentalWarning: localStorage is not available because --localstorage-file was not provided.
(Use `node --trace-warnings ...` to show where the warning was created)
 ✓ test/onboarding.test.tsx (12 tests) 576ms
(node:99022) ExperimentalWarning: localStorage is not available because --localstorage-file was not provided.
(Use `node --trace-warnings ...` to show where the warning was created)
(node:99025) ExperimentalWarning: localStorage is not available because --localstorage-file was not provided.
(Use `node --trace-warnings ...` to show where the warning was created)
(node:99026) ExperimentalWarning: localStorage is not available because --localstorage-file was not provided.
(Use `node --trace-warnings ...` to show where the warning was created)
(node:99032) ExperimentalWarning: localStorage is not available because --localstorage-file was not provided.
(Use `node --trace-warnings ...` to show where the warning was created)
(node:99031) ExperimentalWarning: localStorage is not available because --localstorage-file was not provided.
(Use `node --trace-warnings ...` to show where the warning was created)
(node:99037) ExperimentalWarning: localStorage is not available because --localstorage-file was not provided.
(Use `node --trace-warnings ...` to show where the warning was created)
 ✓ test/shortcut-settings.test.tsx (6 tests) 67ms
 ✓ test/signin-providers.test.tsx (4 tests) 127ms
(node:99039) ExperimentalWarning: localStorage is not available because --localstorage-file was not provided.
(Use `node --trace-warnings ...` to show where the warning was created)
 ✓ test/receipts.test.tsx (9 tests) 73ms
 ✓ test/dock.test.tsx (38 tests) 783ms
 ✓ test/device-capabilities.test.tsx (5 tests) 66ms
(node:99042) ExperimentalWarning: localStorage is not available because --localstorage-file was not provided.
(Use `node --trace-warnings ...` to show where the warning was created)
 ✓ test/liquid-orb.test.ts (5 tests) 22ms
 ✓ test/work.test.tsx (23 tests) 73ms
 ✓ test/launchable.test.ts (5 tests) 20ms
 ✓ test/session-refresh.test.tsx (3 tests) 46ms
 ✓ test/inspector.test.tsx (4 tests) 83ms
 ✓ test/permission-ask.test.tsx (7 tests) 147ms
 ✓ test/share-state.test.tsx (7 tests) 86ms
(node:99044) ExperimentalWarning: localStorage is not available because --localstorage-file was not provided.
(Use `node --trace-warnings ...` to show where the warning was created)
(node:99045) ExperimentalWarning: localStorage is not available because --localstorage-file was not provided.
(Use `node --trace-warnings ...` to show where the warning was created)
(node:99047) ExperimentalWarning: localStorage is not available because --localstorage-file was not provided.
(Use `node --trace-warnings ...` to show where the warning was created)
 ✓ test/library-filters.test.ts (5 tests) 4ms
(node:99048) ExperimentalWarning: localStorage is not available because --localstorage-file was not provided.
(Use `node --trace-warnings ...` to show where the warning was created)
(node:99049) ExperimentalWarning: localStorage is not available because --localstorage-file was not provided.
(Use `node --trace-warnings ...` to show where the warning was created)
(node:99052) ExperimentalWarning: localStorage is not available because --localstorage-file was not provided.
(Use `node --trace-warnings ...` to show where the warning was created)
(node:99050) ExperimentalWarning: localStorage is not available because --localstorage-file was not provided.
(Use `node --trace-warnings ...` to show where the warning was created)
(node:99054) ExperimentalWarning: localStorage is not available because --localstorage-file was not provided.
(Use `node --trace-warnings ...` to show where the warning was created)
 ✓ test/response.test.tsx (3 tests) 2ms
 ✓ test/dock-voice-mode.test.ts (8 tests) 2ms
 ✓ test/seed-view.test.ts (3 tests) 2ms
 ✓ test/boot.test.tsx (3 tests) 29ms
(node:99058) ExperimentalWarning: localStorage is not available because --localstorage-file was not provided.
(Use `node --trace-warnings ...` to show where the warning was created)
 ✓ test/a11y-live.test.tsx (8 tests) 14ms
 ✓ test/ux-metrics.test.ts (4 tests) 2ms
 ✓ test/voice-runtime.test.ts (6 tests) 2ms
(node:99061) ExperimentalWarning: localStorage is not available because --localstorage-file was not provided.
(Use `node --trace-warnings ...` to show where the warning was created)
 ✓ test/connect.test.ts (4 tests) 9ms
 ✓ test/work-view.test.ts (6 tests) 2ms
 ✓ test/approval-outcome.test.ts (3 tests) 1ms

 Test Files  36 passed (36)
      Tests  357 passed (357)
   Start at  20:31:09
   Duration  2.39s (transform 1.45s, setup 118ms, collect 11.03s, tests 4.52s, environment 7.07s, prepare 1.44s)


== TCC usage descriptions ==
USAGE_DESCRIPTIONS_OK: 要求しうる権限の用途説明が揃っている (6 件)

== release consistency ==
  package.json=0.1.4 tauri.conf.json=0.1.4 src-tauri/Cargo.toml=0.1.4 genie-core/Cargo.toml=0.1.4
RELEASE_CONSISTENCY_OK: 版番号 0.1.4 で一致・配布物は外部 dylib を掴まない・Developer ID + hardened runtime

== release aggregation regression ==
....................................................................................
----------------------------------------------------------------------
Ran 84 tests in 53.853s

OK

== managed preview lifecycle ==
✔ desktop descriptor contains only the selected non-secret exact model scope (1.297917ms)
✔ only ready standard workspace saves the direct-launch choice privately (15.167625ms)
✔ changed saved selection invalidates stale cloud choice until readiness without local fallback (26.119041ms)
✔ desktop descriptor rejects unsafe or symlinked standard directories without altering the old choice (7.265417ms)
✔ scoped Mac launch gets the same absolute Codex executable that was verified (1.399166ms)
✔ CLI rejects unsupported actions, external model URLs, ambiguous ports and unsafe names (0.419375ms)
✔ transaction simulation is explicit, requires computer use and only exports the local fixture executable (3.272833ms)
✔ native app launches through LaunchServices with instance-only scope and a waited lifecycle (0.167542ms)
✔ native app monitor accepts confirmed normal exit and keeps early or abnormal exits as failures (78.446833ms)
✔ native app monitor reads lifecycle at exit and does not replace an existing stop or failure (0.200958ms)
✔ native ownership distinguishes simultaneous app instances and rejects PID reuse without matching argv (0.1275ms)
✔ native process inspection takes one snapshot and never treats inspection errors as exit (0.375583ms)
✔ native stop waits through macOS exiting argv loss and accepts only proven death (0.350583ms)
✔ native stop verifies absence, escalates only after grace, and fails if exit stays unconfirmed (0.153583ms)
✔ native stop rejects PID/start/argv changes before TERM and immediately before KILL (0.194125ms)
✔ native stop does not report success after inspection or signal failures (0.112833ms)
✔ native stop waits for a real tiny child exit and escalates a TERM-resistant child only (320.850709ms)
✔ explicit local Docker selection pins child operations without inheriting or changing the user context (0.341417ms)
✔ Docker endpoint changes are revalidated on every start and remote/relative/missing contexts fail closed (0.335542ms)
✔ explicit Docker context persists for restart, migrates legacy state optionally and prevents changing its database host (31.344041ms)
✔ model choice persists explicit intent, supports Ollama latest aliases and never picks a paid fallback (0.270583ms)
✔ external CLI selection needs explicit opt-in, persists that choice, and never inherits the old local model (7.393958ms)
✔ external conversation selection does not authorize screen egress or import credentials (6.696792ms)
✔ screen opt-in is separate, persists only for the exact provider/model, and can be revoked (5.702208ms)
✔ screen permission cannot leak from another state directory or enable an inactive computer route (12.546875ms)
✔ computer status probes the selected helper anew and exposes only bounded status fields (360.102583ms)
✔ unknown, invalid or failed helper probes remain unavailable without subprocess output disclosure (0.528166ms)
✔ Codex omitted model uses the same explicit model for host, native translation and disclosure (7.212416ms)
✔ explicit local selection reaches native translation with its exact model and endpoint (6.35075ms)
✔ CLI readiness uses its own authentication boundary without a generated prompt or credential copy (0.249709ms)
✔ Ollama cloud models and renamed remote aliases cannot be disclosed as local inference (0.308834ms)
✔ service environment does not inherit paid credentials, remote infrastructure or shell hooks (6.432041ms)
✔ first boot persists private keys, ports and identity; later starts keep them and reject silent port changes (9.136417ms)
✔ saved configuration is validated before forming compose operations (5.779416ms)
✔ an unrelated nonempty state directory is never taken over (0.774459ms)
✔ managed service stops when its supervisor disappears (95.853542ms)
✔ managed Compose isolates named volumes and all published ports; migration mounts are read-only (5.998542ms)
✔ port conflicts fail without modifying the listener (0.380042ms)
✔ owned processes fail on exit and stop children; unrelated processes stay alive (37.322834ms)
✔ command timeout, startup abort and bounded readiness cannot report success (67.941459ms)
✔ entrypoint help works from a symlink with spaces and importing it starts nothing (101.751917ms)
✔ network errors and redirects do not expose returned response bodies (8.533875ms)
ℹ tests 42
ℹ suites 0
ℹ pass 42
ℹ fail 0
ℹ cancelled 0
ℹ skipped 0
ℹ todo 0
ℹ duration_ms 1300.462125

== transaction regression ==
✔ lost task acceptance reuses the same persisted identity and never approves (2.068375ms)
✔ an unrelated approval or non-order task cannot be approved through the order command (0.303459ms)
✔ approval submission does not claim an order was accepted (0.152167ms)
✔ both official services request background navigation using fixed executable/HTTPS URLs only (1.498625ms)
✔ caller URLs, schemes, provider spoofing and submit instructions never reach OS (0.449833ms)
✔ spawn/timeout failures keep unknown navigation separate from a definitely unsubmitted order (0.148834ms)
✔ pre-cancel sends nothing and cancellation after OS acceptance never claims visible page (0.112375ms)
✔ unsupported OS refuses without launching a generic fallback (0.074208ms)
✔ task re-use remains a site handoff and cannot upgrade to a paid order (0.069958ms)
✔ recognized request reaches task plan, host and truthful artifact without any checkout driver (0.475084ms)
✔ two orders retain one owned PID/window with distinct load handshakes and normal begin calls (8.3895ms)
✔ queued cancellation is prompt, skips its load and does not interrupt the active order (4.068458ms)
✔ active cancellation stops only its owned session and a subsequent order creates a new PID (3.699708ms)
✔ a changed native window under the same PID is refused before another begin or click (2.920709ms)
✔ wrong captured window and unattended helper are never clicked (2.55475ms)
✔ idle expiry closes the old process and never resurrects its PID (50.799833ms)
✔ device cleanup failure still terminates the owned window (12.867458ms)
✔ both food demos and paper fill require independent persisted receipt; preparing never confirms (197.17325ms)
✔ unconfirmed click stays unknown across runtime restart and never clicks again (38.100416ms)
✔ fictional catalog cannot be used for live identities, custom items, or prices above the supplied budget (12.418958ms)
✔ revoking a claimed task aborts the native helper consent wait without input, and leaves reconciliation-only history (288.20575ms)
✔ prepare pins exact quote; submit writes a durable private claim before one provider input and preserves accepted status (23.780125ms)
✔ approval binds complete exact args including destination, budget, quantity, and requested time (4.263625ms)
✔ invalid money, currency/content substitutions, expired quotes, and over-budget totals never reach submit (9.599167ms)
✔ inspection changes, approval expiry, and cancellation stop before the attempt claim (5.809583ms)
✔ unknown delivery is durable across new runtime and task IDs; submit can only reconcile it (25.3305ms)
✔ authorization deadline is propagated to the adapter and aborts in-flight submit without resending (254.912875ms)
✔ provider receipts must match quote identity, paid total, destination, options, and execution mode (136.913292ms)
✔ live provider and request-supplied URLs are unsupported; read-only reconcile never creates an order (2.195292ms)
✔ paper stock remains simulation and distinguishes acceptance, partial fills, full fills, and cancelled partials (185.46425ms)
✔ durable receipt history rejects changed provider order IDs, regressed state, and lost partial executions (113.491625ms)
✔ multiple processes atomically claim the same order once; a crash after provider acceptance recovers read-only (534.183458ms)
✔ a corrupt durable claim blocks a fresh attempt rather than silently forgetting it (19.954292ms)
ℹ tests 33
ℹ suites 0
ℹ pass 33
ℹ fail 0
ℹ cancelled 0
ℹ skipped 0
ℹ todo 0
ℹ duration_ms 1722.17675

 RUN  v3.2.7 /Users/shuhei/Projects/genie/packages/contracts

 ✓ test/transaction-authorization.test.ts (3 tests) 14ms

 Test Files  1 passed (1)
      Tests  3 passed (3)
   Start at  20:32:15
   Duration  232ms (transform 40ms, setup 0ms, collect 64ms, tests 14ms, environment 0ms, prepare 35ms)


 RUN  v3.2.7 /Users/shuhei/Projects/genie/services/conversation

 ✓ test/lane.test.ts (15 tests) 6ms
 ✓ test/checkout-request.test.ts (29 tests) 5ms
 ✓ test/transaction-request.test.ts (14 tests) 4ms

 Test Files  3 passed (3)
      Tests  58 passed (58)
   Start at  20:32:16
   Duration  343ms (transform 138ms, setup 0ms, collect 244ms, tests 15ms, environment 0ms, prepare 97ms)


 RUN  v3.2.7 /Users/shuhei/Projects/genie/services/task

 ✓ test/checkout-assistance.test.ts (10 tests) 4ms
 ✓ test/transaction-plan.test.ts (9 tests) 8ms
 ✓ test/transaction-artifact.test.ts (6 tests) 9ms
 ✓ test/transaction-workflow.test.ts (15 tests) 9ms
2026-10-02T11:32:18.309Z [INFO] asset workflow-bundle-68bf3149402b854f7972.js 1.66 MiB [emitted] [immutable] (name: main)
runtime modules 1.34 KiB 4 modules
modules by path ../../node_modules/.pnpm/ 438 KiB
  modules by path ../../node_modules/.pnpm/@temporalio+common@1.22.0/node_modules/@temporal...(truncated) 161 KiB 35 modules
  modules by path ../../node_modules/.pnpm/@temporalio+workflow@1.22.0/node_modules/@tempor...(truncated) 202 KiB 26 modules
  modules by path ../../node_modules/.pnpm/nexus-rpc@0.0.2/node_modules/nexus-rpc/lib/ 22.3 KiB 13 modules
  ../../node_modules/.pnpm/long@5.3.2/node_modules/long/umd/index.js 49.8 KiB [built] [code generated]
  ../../node_modules/.pnpm/ms@3.0.0-canary.1/node_modules/ms/dist/index.cjs 3.41 KiB [built] [code generated]
modules by path ./src/ 61 KiB
  ./src/workflows-autogenerated-entrypoint.cjs 502 bytes [built] [code generated]
  ./src/workflows.ts 23.7 KiB [built] [code generated]
  ./src/plan.ts 36.8 KiB [built] [code generated]
optional modules 30 bytes [optional]
  __temporal_custom_payload_converter (ignored) 15 bytes [optional] [built] [code generated]
  __temporal_custom_failure_converter (ignored) 15 bytes [optional] [built] [code generated]
webpack 5.109.2 compiled successfully in 252 ms { sdkComponent: 'worker', taskQueue: 'fake_replay_queue-0' }
2026-10-02T11:32:18.310Z [INFO] Workflow bundle created {
  sdkComponent: 'worker',
  taskQueue: 'fake_replay_queue-0',
  size: '1.65MB'
}
2026-10-02T11:32:18.335Z [INFO] Worker state changed {
  sdkComponent: 'worker',
  taskQueue: 'fake_replay_queue-0',
  state: 'RUNNING'
}
2026-10-02T11:32:18.360Z [INFO] Worker state changed {
  sdkComponent: 'worker',
  taskQueue: 'fake_replay_queue-0',
  state: 'STOPPING'
}
2026-10-02T11:32:18.360Z [INFO] Worker state changed {
  sdkComponent: 'worker',
  taskQueue: 'fake_replay_queue-0',
  state: 'DRAINING'
}
2026-10-02T11:32:18.361Z [INFO] Worker state changed {
  sdkComponent: 'worker',
  taskQueue: 'fake_replay_queue-0',
  state: 'DRAINED'
}
2026-10-02T11:32:18.361Z [INFO] Worker state changed {
  sdkComponent: 'worker',
  taskQueue: 'fake_replay_queue-0',
  state: 'STOPPED'
}
2026-10-02T11:32:18.501Z [INFO] asset workflow-bundle-68bf3149402b854f7972.js 1.66 MiB [emitted] [immutable] (name: main)
runtime modules 1.34 KiB 4 modules
modules by path ../../node_modules/.pnpm/ 438 KiB
  modules by path ../../node_modules/.pnpm/@temporalio+common@1.22.0/node_modules/@temporal...(truncated) 161 KiB 35 modules
  modules by path ../../node_modules/.pnpm/@temporalio+workflow@1.22.0/node_modules/@tempor...(truncated) 202 KiB 26 modules
  modules by path ../../node_modules/.pnpm/nexus-rpc@0.0.2/node_modules/nexus-rpc/lib/ 22.3 KiB 13 modules
  ../../node_modules/.pnpm/long@5.3.2/node_modules/long/umd/index.js 49.8 KiB [built] [code generated]
  ../../node_modules/.pnpm/ms@3.0.0-canary.1/node_modules/ms/dist/index.cjs 3.41 KiB [built] [code generated]
modules by path ./src/ 61 KiB
  ./src/workflows-autogenerated-entrypoint.cjs 502 bytes [built] [code generated]
  ./src/workflows.ts 23.7 KiB [built] [code generated]
  ./src/plan.ts 36.8 KiB [built] [code generated]
optional modules 30 bytes [optional]
  __temporal_custom_payload_converter (ignored) 15 bytes [optional] [built] [code generated]
  __temporal_custom_failure_converter (ignored) 15 bytes [optional] [built] [code generated]
webpack 5.109.2 compiled successfully in 133 ms { sdkComponent: 'worker', taskQueue: 'fake_replay_queue-1' }
2026-10-02T11:32:18.502Z [INFO] Workflow bundle created {
  sdkComponent: 'worker',
  taskQueue: 'fake_replay_queue-1',
  size: '1.65MB'
}
2026-10-02T11:32:18.513Z [INFO] Worker state changed {
  sdkComponent: 'worker',
  taskQueue: 'fake_replay_queue-1',
  state: 'RUNNING'
}
2026-10-02T11:32:18.522Z [INFO] Worker state changed {
  sdkComponent: 'worker',
  taskQueue: 'fake_replay_queue-1',
  state: 'STOPPING'
}
2026-10-02T11:32:18.522Z [INFO] Worker state changed {
  sdkComponent: 'worker',
  taskQueue: 'fake_replay_queue-1',
  state: 'DRAINING'
}
2026-10-02T11:32:18.522Z [INFO] Worker state changed {
  sdkComponent: 'worker',
  taskQueue: 'fake_replay_queue-1',
  state: 'DRAINED'
}
2026-10-02T11:32:18.522Z [INFO] Worker state changed {
  sdkComponent: 'worker',
  taskQueue: 'fake_replay_queue-1',
  state: 'STOPPED'
}
 ✓ test/replay-history.test.ts (2 tests) 625ms
   ✓ previous-revision workflow replay with old void terminal activities > replays completed history without nondeterminism  463ms

 Test Files  5 passed (5)
      Tests  42 passed (42)
   Start at  20:32:17
   Duration  957ms (transform 205ms, setup 0ms, collect 999ms, tests 655ms, environment 0ms, prepare 155ms)


 RUN  v3.2.7 /Users/shuhei/Projects/genie/workers/task-worker

 ✓ test/approval-proof.test.ts (4 tests) 5ms

 Test Files  1 passed (1)
      Tests  4 passed (4)
   Start at  20:32:19
   Duration  348ms (transform 100ms, setup 0ms, collect 182ms, tests 5ms, environment 0ms, prepare 35ms)


 RUN  v3.2.7 /Users/shuhei/Projects/genie/workers/agent-host

 ✓ test/step-transport.test.ts (3 tests) 4ms
 ✓ test/step-loop.test.ts (18 tests) 79ms

 Test Files  2 passed (2)
      Tests  21 passed (21)
   Start at  20:32:20
   Duration  286ms (transform 50ms, setup 0ms, collect 63ms, tests 84ms, environment 0ms, prepare 67ms)


 RUN  v3.2.7 /Users/shuhei/Projects/genie/services/task

 ✓ test/transaction-authorization-ledger.db.test.ts (8 tests) 616ms
 ✓ test/transaction-approval.db.test.ts (14 tests) 546ms

 Test Files  2 passed (2)
      Tests  22 passed (22)
   Start at  20:32:20
   Duration  1.12s (transform 219ms, setup 0ms, collect 729ms, tests 1.16s, environment 0ms, prepare 68ms)


 RUN  v3.2.7 /Users/shuhei/Projects/genie/services/agent-host

 ✓ test/bridge.db.test.ts (20 tests) 240ms

 Test Files  1 passed (1)
      Tests  20 passed (20)
   Start at  20:32:22
   Duration  637ms (transform 103ms, setup 0ms, collect 239ms, tests 240ms, environment 0ms, prepare 33ms)


 RUN  v3.2.7 /Users/shuhei/Projects/genie/services/api-gateway

 ✓ test/host-bridge.test.ts (16 tests) 145ms
 ✓ test/transaction-authorizations.integration.test.ts (4 tests) 324ms
 ✓ test/conversations-transaction.integration.test.ts (20 tests) 554ms

 Test Files  3 passed (3)
      Tests  40 passed (40)
   Start at  20:32:23
   Duration  1.59s (transform 449ms, setup 0ms, collect 2.62s, tests 1.02s, environment 0ms, prepare 95ms)

TRANSACTION_REGRESSION_OK: code-level checks only; native/main-app and live-provider evidence are separate.

== computer vision contracts ==
✔ requires goal, criteria, durable run file and explicit approval ID (0.581375ms)
✔ lost acceptance response: explicit recover reuses identical key and request, never approves (0.54025ms)
✔ status and recover with known identity only read; missing identity never posts (0.103125ms)
✔ approval belongs to current computer task and matching pending approval (0.165209ms)
✔ cancel only requests cancellation on same task, no success assertion (0.070875ms)
✔ transport blocks redirects and does not retry errors (0.200167ms)
✔ check uses the actual running helper and explicit screen recipient (0.118ms)
✔ conversation cloud permission alone is not screen readiness (0.091375ms)
✔ check refuses stale, wrong, test-only or unavailable helper status (0.134167ms)
✔ background planning uses empty-field AX input, not focus or keyboard fallback (0.736625ms)
✔ background helper cannot call shared input/clipboard or legacy focus helpers (2.584292ms)
✔ 自分が出した分だけを除く（人の入力は抑止窓の中でも数える） (1.074583ms)
✔ 再開は必ず実行世代を進め、明示的な停止は再開しない (0.433542ms)
✔ 送る前の関門は、承認・対象・停止に加えて実行世代を見る (0.572792ms)
✔ 無人試験の経路は出荷ビルドに入らない (1.19925ms)
✔ 背景で失敗しても前面操作へ切り替えない（経路の取り違えを静的に禁じる） (0.507375ms)
✔ append retains native current-value binding and exact post-write readback without enabling replacement (1.037709ms)
✔ a run is free-tier only unless paid is explicitly turned on (0.77075ms)
✔ a key from a billed project is not treated as the free tier (1.116333ms)
✔ once the provider says the allowance is gone, the month stops asking (0.631667ms)
✔ per-task and per-month call limits stop before the call, not after (0.965125ms)
✔ cost limits are judged including the call about to be made (0.646334ms)
✔ the ledger keeps no key and no screen content, and is owner-only (0.713917ms)
✔ a corrupt ledger does not become free rein (4.829792ms)
✔ a cloud model without a budget never sends a screenshot (0.825459ms)
✔ an exhausted month refuses before the first model call (1.04325ms)
✔ a provider quota refusal stops the run and the month (0.677458ms)
✔ a local model needs no budget and is never counted (0.274125ms)
✔ native scroll adapter: confirmed native receipt (253.909417ms)
✔ native scroll adapter: missing native receipt (325.397667ms)
✔ native scroll adapter: unconfirmed dispatch (240.9775ms)
✔ native scroll adapter: wrong direction (274.186584ms)
✔ existing VisualContext -> HTTP vision request carries two PNGs, structured response, and pinned provider (13.927792ms)
✔ durable local claim prevents replay across device instances / restarts (12.273667ms)
✔ native begin forwards an optional exact owned target, rejects malformed constraints and mismatched helper frames (395.712083ms)
✔ native preview adapter binds its request and validates actual PNG bytes before use, then removes them (450.064709ms)
✔ target verification carries one bound preview PNG through the production LlmRuntime HTTP path (1.865667ms)
✔ Codex target dispatch uses a private read-only copy of validated bytes and cleans it on success or failure (2.59925ms)
✔ HTTP model cancellation passes an aborted signal, not a successful model result (0.372958ms)
✔ moving preview storage does not forget a claim in the legacy cache (11.708584ms)
✔ actual before/after image references go to the action verifier; goal gets a NEW frame (3.104125ms)
✔ a model saying done is not sufficient (0.500458ms)
✔ pointer motion or a changed image hash alone is never completion (0.367417ms)
✔ target changes stop before the next model call (0.155459ms)
✔ aborted input never reaches the device or model (0.1885ms)
✔ cancellation during a nonresponsive model prevents later action (3.573667ms)
✔ an empty approval object is not approval and does not capture (0.170583ms)
✔ expired and wrong-operation approvals are refused (0.161917ms)
✔ external screenshot egress needs separate opt-in BEFORE capture (0.133958ms)
✔ unavailable selected model does not silently fall back (0.121375ms)
✔ action limit is enforced (0.292708ms)
✔ ambiguous input failure is not automatically retried (0.191417ms)
✔ locally cancelled action stops, not replans (0.164041ms)
✔ duplicate request is refused by durable claim (0.213459ms)
✔ uncertain visual verification cannot return success (0.18025ms)
✔ an uncertain verdict spends the replan budget instead of stopping at once (0.181792ms)
✔ an uncertain verdict that later resolves completes the run (0.120875ms)
✔ a low-confidence satisfied verdict never completes the run (0.154708ms)
✔ a blocked verdict stops immediately and is not re-asked (0.105833ms)
✔ a malformed verdict is re-asked with the rejection code, then accepted (0.122375ms)
✔ a stopped run records its reason and audit beside the claim (0.496834ms)
✔ a verdict that never takes shape stops the run (0.243625ms)
✔ the planner is told how many inputs it already sent, and on which targets (0.271708ms)
✔ a fresh run says nothing about progress (0.038208ms)
✔ the audit records which element an action was sent to (0.179666ms)
✔ a route refusal is replanned with the reason, not treated as the end (0.409416ms)
✔ a policy refusal ends the run and is never retried (0.135ms)
✔ two different elements are not mistaken for a repeated action (0.19225ms)
✔ a route refusal tells the planner to change its approach, a malformed reply to fix its JSON (0.086791ms)
✔ a model slower than the freshness window stops as too slow, not as a stale frame (0.158167ms)
✔ one slow decision is retried, not called too slow (0.144917ms)
✔ an echoed old frame id is re-asked instead of ending the run (0.160208ms)
✔ a decision without a frame id is taken as being about the frame just sent (0.124292ms)
✔ a decision naming a different frame is still refused as stale (0.126917ms)
✔ image pixels map correctly with Retina scale and negative monitor origin (0.058541ms)
✔ old screenshot and NaN geometry are rejected (0.065625ms)
✔ stale frame-id, out-of-bounds and low-confidence grounding are rejected (0.091625ms)
✔ shell / Enter / arbitrary modifiers are not action capabilities (0.071834ms)
✔ control text is rejected; Japanese and non-BMP emoji are preserved (0.121583ms)
✔ unknown model fields are not forwarded to helper (0.028833ms)
✔ goal verdict must reference latest frame and concrete evidence (0.047084ms)
✔ audit does not retain screenshot paths, typed text, or model evidence (0.150625ms)
✔ prompts separate goal from untrusted screen instructions and require real pixels (0.0395ms)
✔ 成功条件を確かめられる単位に分ける（分けられないものは 1 つのまま） (0.239875ms)
✔ 確認が断った理由と未達成の条件が、次の計画へ戻る (0.228375ms)
✔ 未達成の条件が挙がらなければ、全部が未達成のまま（部分的な結果を完了にしない） (0.033917ms)
✔ 自信の足りない「できた」は、条件を満たしたことにしない (0.030042ms)
✔ 人が割り込んだら、人を止めずにこちらだけ待ち、手が空いたら続ける (3005.936083ms)
✔ 再開できない装置では、割り込みはこれまでどおりその場で停止する (1.948542ms)
✔ 割り込みで失効した世代の操作は、送らずに撮り直す（再送しない） (1001.843958ms)
✔ 前へ進んだ操作は作り直しの持ち分を戻す（序盤のつまずきで打ち切らない） (2.384542ms)
✔ 評価のための答えや採点先は、計画するモデルへ渡らない (1.099917ms)
✔ 入力を送ったあとに止まったら、送ったことを先に伝える（取り消せるとは言わない） (0.531625ms)
✔ 入力を 1 つも送っていない停止には、その断りを付けない (0.521833ms)
✔ a wrong-field write is refused before delivery, without trying another field (3.028542ms)
✔ both text routes need a confident current-frame target verdict before input (6.144ms)
✔ target verification uses the selected provider and its existing call budget (0.948208ms)
✔ text input without a native target preview capability fails before verification or delivery (0.278ms)
✔ native preview binding and canonical writable identity are required before a verifier sees it (3.084292ms)
✔ coordinate writes verify the resolved field crop and deliver that same canonical field (0.61125ms)
✔ approval expiry or cancellation during read-only preview prevents verification and input (0.623875ms)
✔ interruption during read-only preview discards the old proposal and obtains a fresh proof (1003.269375ms)
✔ approval expiry or cancellation during target checking prevents input (2.026375ms)
✔ a target verdict that aged its frame is discarded and checked again on a fresh frame (0.801125ms)
✔ a failed capture after delivery still records and discloses the sent input (0.348375ms)
✔ a failed effect verifier still records and discloses the sent input (0.3065ms)
✔ a possibly partial input stops without retry and is disclosed as delivery unknown (2.09ms)
✔ cancelling an in-flight apply preserves an unknown-delivery audit row (0.994167ms)
✔ a definite native pre-dispatch refusal records no delivered or unknown input (1.099167ms)
✔ the target-check prompt checks the exact destination and text against the user request (0.140708ms)
✔ copying the target verifier response schema preserves the actual current frame identity (0.2805ms)
✔ explicit append is background-only, never replacement, and reaches both target check and delivery (0.622709ms)
✔ coordinate grounding reaches the 61st native field without expanding public candidate context (0.403125ms)
✔ unlisted preview requires native text-role attestation and the exact requested point (0.35675ms)
✔ scroll contract allows background vertical navigation only and never accepts model distance (0.445959ms)
✔ scroll verifies the exact preview then keeps native offset readback and still verifies the goal (0.421292ms)
✔ missing, stationary, reversed or excessive scroll readback is unknown and never resent (1.385916ms)
✔ scroll edge or unsupported geometry is an unsent refusal with no alternate delivery retry (0.579625ms)
ℹ tests 118
ℹ suites 0
ℹ pass 118
ℹ fail 0
ℹ cancelled 0
ℹ skipped 0
ℹ todo 0
ℹ duration_ms 5123.676375

== background text policy ==
PASS: background text value policy 11 cases; no AppKit, capture, input or model

== background scroll policy ==
PASS BackgroundScroll: 14 cases

== background web link policy ==
PASS BackgroundWebLink: 19 cases

== UI taste ==
== UI の癖 ==
  gradient               4 /   4
  角丸 >28pt           0 /   0
  material/blur: actual=11, reviewed additions=3 (content-bound)
  material/blur          8 /   8
  sparkles アイコン   5 /   6
  Capsule: actual=24, reviewed additions=5 (content-bound)
  Capsule               19 /  20
  shadow                 5 /   9
  40字超の文言: actual=10, reviewed additions=4 (content-bound)
  40字超の文言      6 /   6

UI_TASTE_OK: 癖は上限内

== permission JIT ==
  起動経路（AppDelegate）で権限を求めていない OK
  求めている場所:
    apps/genie-macos/Sources/GenieMac/GuidedSetup/PermissionManager.swift:41:        Permissions.requestMicrophone(done)
    apps/genie-macos/Sources/GenieMac/Settings/PermissionCenter.swift:88:            case .microphone: Permissions.requestMicrophone { _ in done() }
    apps/genie-macos/Sources/GenieMac/Settings/PermissionCenter.swift:89:            case .screenRecording: Permissions.requestScreenRecording(); done()
    apps/genie-macos/Sources/GenieMac/Settings/PermissionCenter.swift:91:            case .calendar: Permissions.requestCalendar { _ in done() }
    apps/genie-macos/Sources/GenieMac/Settings/PermissionCenter.swift:92:            case .speechRecognition: Permissions.requestSpeechRecognition { _ in done() }
    apps/genie-macos/Sources/GenieMac/Settings/SettingsView.swift:61:                              request: { Permissions.requestSpeechRecognition { _ in speech = Permissions.speechRecognition } })
    apps/genie-macos/Sources/GenieMac/Settings/SettingsView.swift:63:                              request: { Permissions.requestCalendar { _ in cal = Permissions.calendar } })
    apps/genie-macos/Sources/GenieMac/Settings/SettingsView.swift:67:                    if !Permissions.requestInputMonitoring() { Permissions.openInputMonitoringSettings() }
    apps/genie-macos/Sources/GenieMac/Home/HomeView.swift:557:                PermissionCenter.request(.schedule) {
    apps/genie-macos/Sources/GenieMac/VoiceHUD/VoiceHUDState.swift:225:            Permissions.requestSpeechRecognition { _ in }
    apps/genie-macos/Sources/GenieMac/VoiceHUD/VoiceHUDState.swift:660:        if Permissions.speechRecognition == .notDetermined { Permissions.requestSpeechRecognition { _ in } }
    apps/genie-macos/Sources/GenieMac/RecordingWorkspace/RecordingWorkspaceState.swift:319:            PermissionCenter.request(.meeting) {
    apps/genie-macos/Sources/GenieMac/RecordingWorkspace/RecordingWorkspaceState.swift:348:        if screenAudio && requestPermissions { PermissionCenter.request(.meetingAudio) }
  求める場所は機能の入口だけ OK
  取扱説明書も「使うときに要るものだけ」 OK

PERMISSION_JIT_OK: 起動時に求めず、使う直前に求める

== privacy egress ==
== PRIVACY_EGRESS_GATE ==
  recording upload requires explicit cloud consent PASS
  silent Apple STT fallback                0
  screen audio permission follows selection PASS
  connector egress requires user action    PASS
  external action confirmation             PASS (Confirm.ask ×4 + Confirm.approve ×3; 面は CONFIRMATION_GATE)
  transcription egress guide               consistent
  current-info egress allowlist            PASS (4 hosts)
  gemini live requires consent, key, limit PASS
  nearby places require key, limit, request PASS
SELFTEST_OK egress: autoUpload=off cloudSTTConsent=off meeting=[microphone,speechRecognition] sttNoFallback=NOT_MEASURED

NOT_RUN: PRIVACY_EGRESS_GATE runtime incomplete

== no contradiction ==
scripts/verify-no-contradiction.sh: line 28: 13728 Terminated: 15          "$BIN" --selftest hold-meeting 25 silent > /dev/null 2>&1
NO_CONTRADICTION_OK: 画面の中で言っていることが食い違わない

== confirmation surface ==
== CONFIRMATION_GATE ==

  · 面の寸法 560x286pt
  ✓ 幅 <= 620pt
  ✓ 高さ <= 360pt
  ✓ ① どのアプリ / どこへ
  ✓ ② 何が起きるか
  ✓ ③ 決定的な値
  ✓ ④ 中身の下見
  ✓ ⑤ 出所
  ✓ ⑥ 取消
  ✓ ⑥ 直す
  ✓ ⑥ 実行
  ✓ 決断に不要なもの（履歴・会議ノート・sidebar）が無い
  ✓ 主たる操作 96x32pt が逃げ道 74pt（やめる）以上
  ✓ 中身の間の中央値 = 10.0pt（操作の手前 26.0pt は区切りとして除外）
  ✓ 窓を増やしていない（同じ面が morph）

  ✓ sandbox_extension_issue_file_to_process failed for /Users/shuhei/Projects/astra/apps/genie-macos/.build/Genie.app: 1 (Operation not permitted)
SELFTEST_OK confirmflow: 窓を増やさない・焦点を奪わない・560x254pt・高さは中身で決まる（254→163）・取り消しで戻る

CONFIRMATION_GATE=PASS

== approval boundary ==
== APPROVAL_BOUNDARY ==
  files 282 / 証拠を作る入口 1 / APPROVED を送る所 1 / 違反 0
  local servers 7 / 違反 0
APPROVAL_BOUNDARY=PASS

== approval boundary selfcheck ==
== APPROVAL_BOUNDARY selfcheck ==
  ✓ 落ちた — 承認待ちを見たら APPROVED を中継（元の欠陥）
      ✗ Sources/GenieMac/VoiceHUD/VoiceHUDState.swift:1517 "APPROVED" を GenieApproval の外で書いている
  ✓ 落ちた — min(waitMs, 2000) で待つ時間を縮める（元の欠陥）
      ✗ Sources/GenieMac/VoiceHUD/VoiceHUDState.swift:1517 min(waitMs, …) で待つ時間を縮めている
  ✓ 落ちた — follow が区切りを通らずに waitTask を直接呼ぶ
      ✗ Sources/GenieMac/VoiceHUD/VoiceHUDState.swift:1517 follow が waitForTask の区切りを通らずに waitTask を呼んでいる（TaskReader.live の外）
  ✓ 落ちた — 声の「ストップ」で仕事を取り消す（元の欠陥）
      ✗ Sources/GenieMac/VoiceHUD/VoiceHUDState.swift:1517 声の経路から仕事を取り消している（VoiceInterruptionDetector。キーワードでの取り消しは戻さない）
  ✓ 落ちた — 声の経路から /cancel を叩く
      ✗ Sources/GenieMac/VoiceHUD/VoiceHUDState.swift:1517 声の経路から /cancel を組み立てている
  ✓ 落ちた — 声の経路から、カードの「やめる」以外で REJECTED を送る
      ✗ Sources/GenieMac/VoiceHUD/VoiceHUDState.swift:1517 声の経路で、確認カードの「やめる」以外から REJECTED を送っている
  ✓ 落ちた — 生の FFI を直接呼ぶ
      ✗ Sources/GenieMac/VoiceHUD/VoiceHUDState.swift:1517 生の apiTaskApprove を GenieApproval の外で参照している（関数参照・補間の中も数える）
  ✓ 落ちた — 関数参照で生の FFI を運ぶ（let relay = apiTaskApprove）
      ✗ Sources/GenieMac/VoiceHUD/VoiceHUDState.swift:1517 生の apiTaskApprove を GenieApproval の外で参照している（関数参照・補間の中も数える）
  ✓ 落ちた — 文字列の補間の中に生の FFI を隠す
      ✗ Sources/GenieMac/VoiceHUD/VoiceHUDState.swift:1517 生の apiTaskApprove を GenieApproval の外で参照している（関数参照・補間の中も数える）
  ✓ 落ちた — GenieCoreBridge に証拠の要らない承認の入口を足す
      ✗ Sources/GenieMac/RecordingWorkspace/GenieCoreBridge.swift:235 生の apiTaskApprove を GenieApproval の外で参照している（関数参照・補間の中も数える）
  ✓ 落ちた — GenieApproval に証拠を受け取らない APPROVED の関数を足す
      ✗ decision "APPROVED" を送る所が 2 か所（ApprovalRelay.approve の 1 か所だけのはず）
  ✓ 落ちた — GenieApproval で decision を変数で渡す
      ✗ Sources/GenieApproval/UserApproval.swift:57 decision を文字の定数（APPROVED / REJECTED）以外で渡している
  ✓ 落ちた — URLSession で /approve を叩く
      ✗ Sources/GenieMac/VoiceHUD/VoiceHUDState.swift:1517 /approve を直接組み立てている（GenieApproval の ApprovalRelay を通す）
  ✓ 落ちた — 証拠を GenieMac で作る
      ✗ Sources/GenieMac/VoiceHUD/VoiceHUDState.swift:1517 UserApproval( を GenieApproval の外で使っている
  ✓ 落ちた — 別のファイルで証拠の init を足す
      ✗ Sources/GenieMac/VoiceHUD/VoiceHUDState.swift:1517 extension UserApproval（改行をまたいでも数える）を GenieApproval の外で書いている
  ✓ 落ちた — 別名（typealias）で extension を隠す
      ✗ Sources/GenieMac/VoiceHUD/VoiceHUDState.swift:1517 UserApproval に別名を付けている（数えるべき入口を名前から隠せる）
  ✓ 落ちた — extension の直後で改行する
      ✗ Sources/GenieMac/VoiceHUD/VoiceHUDState.swift:1517 extension UserApproval（改行をまたいでも数える）を GenieApproval の外で書いている
  ✓ 落ちた — .init(…) の省略形で作る
      ✗ Sources/GenieMac/VoiceHUD/VoiceHUDState.swift:1517 UserApproval を .init(…) の省略形で作っている
  ✓ 落ちた — Unsafe…<UserApproval> で作る
      ✗ Sources/GenieMac/VoiceHUD/VoiceHUDState.swift:1517 UserApproval を型引数に渡している（Unsafe…<UserApproval> で作れる形）
  ✓ 落ちた — 証拠を JSON から decode できるようにする
      ✗ Sources/GenieMac/Components/Confirm.swift:264 extension UserApproval（改行をまたいでも数える）を GenieApproval の外で書いている
  ✓ 落ちた — カードを出さずに証拠を作る（Confirm.swift の中の近道）
      ✗ 証拠を作る入口（ApprovalLedger）は Confirm.approve の 1 か所だけのはず（Sources/GenieMac/Components/Confirm.swift:63, Sources/GenieMac/Components/Confirm.swift:264）
  ✓ 落ちた — 証拠の入口を関数参照で持ち出す
      ✗ 証拠を作る入口（ApprovalLedger）は Confirm.approve の 1 か所だけのはず（Sources/GenieMac/Components/Confirm.swift:63, Sources/GenieMac/VoiceHUD/VoiceHUDState.swift:1517）
  ✓ 落ちた — 検査から証拠の internal init を覗く（@testable import GenieApproval）
      ✗ Tests/GenieMacTests/ApprovalBoundaryTests.swift:579 @testable import GenieApproval（証拠の internal init が見える）
  ✓ 落ちた — 証拠の init を public にする
      ✗ Sources/GenieApproval/UserApproval.swift:24 UserApproval の init が public / package（GenieMac から作れる）
  ✓ 落ちた — 証拠をコピーできる形にする（使い回せる）
      ✗ Sources/GenieApproval/UserApproval.swift:19 UserApproval が ~Copyable ではない（1 回の「実行する」を使い回せる）
  ✓ 落ちた — 声で「はい」をカードの承認にする（id 無し）
      ✗ Sources/GenieMac/VoiceHUD/VoiceHUDState.swift:1517 resolveConfirmation を id 無しで呼んでいる（描いたカードでなく store の現在値に答える）
  ✓ 落ちた — 声で「はい」をカードの承認にする（id 付き）
      ✗ Sources/GenieMac/VoiceHUD/VoiceHUDState.swift:1517 resolveConfirmation(approved: true) を Dock のボタン以外から呼んでいる
  ✓ 落ちた — Dock のボタンが描いたカードでなく現在値に答える
      ✗ Sources/GenieMac/VoiceHUD/VoiceHUDView.swift:1782 resolveConfirmation を id 無しで呼んでいる（描いたカードでなく store の現在値に答える）
  ✓ 落ちた — 声で「はい」を、型名付きの .confirmationResolved で流す
      ✗ Sources/GenieMac/VoiceHUD/VoiceHUDState.swift:1517 .confirmationResolved を GenieStateStore の外で作っている（型名付き・変数経由の発行も数える）
  ✓ 落ちた — 声で「はい」を、変数に入れた .confirmationResolved で流す
      ✗ Sources/GenieMac/VoiceHUD/VoiceHUDState.swift:1517 .confirmationResolved を GenieStateStore の外で作っている（型名付き・変数経由の発行も数える）
  ✓ 落ちた — 声で「はい」を、resolveConfirmation の関数参照で答える
      ✗ Sources/GenieMac/VoiceHUD/VoiceHUDState.swift:1517 resolveConfirmation を呼び出し以外の形（関数参照）で使っている
  ✓ 落ちた — 声で「はい」を、UIProbe.tap で「実行する」を押して答える
      ✗ Sources/GenieMac/VoiceHUD/VoiceHUDState.swift:1517 UIProbe.tap（検査の自動操作）を SelfTest の外で使っている
  ✓ 落ちた — appendingPathComponent("approve") で承認の URL を組む
      ✗ Sources/GenieMac/VoiceHUD/VoiceHUDState.swift:1517 /approve を直接組み立てている（GenieApproval の ApprovalRelay を通す）
  ✓ 落ちた — 証拠の入口を任意の UUID で呼ぶ（型では通る）
      ✗ 証拠を作る入口（ApprovalLedger）は Confirm.approve の 1 か所だけのはず（Sources/GenieMac/Components/Confirm.swift:63, Sources/GenieMac/VoiceHUD/VoiceHUDState.swift:1517）
  ✓ 落ちた — ローカル HTTP サーバが APPROVED を中継する
      ✗ scripts/computer-use-ui.mjs:779 ローカル HTTP サーバが承認を中継している（承認は確認カードだけ）

  ✓ 型が拒む — GenieMac から直接 init
      'UserApproval' initializer is inaccessible due to 'internal' protection level
  ✓ 型が拒む — .init(…) の省略形
      'UserApproval' initializer is inaccessible due to 'internal' protection level
  ✓ 型が拒む — 別名 + extension で let を埋める
      'let' property 'confirmationID' may not be initialized directly; use "self.init(...)" or "self = ..." instead
  ✓ 型が拒む — 改行をまたぐ extension
      'let' property 'confirmationID' may not be initialized directly; use "self.init(...)" or "self = ..." instead
  ✓ 型が拒む — JSON から decode
      type 'UserApproval' does not conform to protocol 'Copyable'
  ✓ 型が拒む — 1 回の証拠を 2 件の承認に使う
      'a' consumed more than once
  ✓ 型が拒む — 証拠をループで使い回す
      'a' consumed in a loop
  ✓ 型が拒む — unsafeBitCast で作る
      global function 'unsafeBitCast(_:to:)' requires that 'UserApproval' conform to 'Copyable'
  ✓ 型が拒む — 証拠なしで ApprovalRelay.approve
      missing argument for parameter 'approval' in call
  · 型では拒まない — ApprovalLedger.issue(forPressedCard: 任意の UUID)（public。字句の ⑦ だけが落とす）

APPROVAL_BOUNDARY_SELFCHECK=PASS

== approval boundary (real key) ==
== APPROVAL_BOUNDARY runtime（実キー）==
SELFTEST_OK approval-press: real_cmd_return=approved early_cmd_return=ignored real_escape=declined no_answer=pending
APPROVAL_BOUNDARY_RUNTIME=PASS

== screen terms (one word each) ==
TERMS_OK: 画面の語は 1 語ずつ

== guide facts (app words only) ==
  facts 161 件 / ガイドが引く key 63 件 / 文字で書かれた protected 0 件 / 一字違い 0 件 / 古い綴り 0 件
SELFTEST_OK shots: 16面を実アプリで撮影・geometry OK・面どうしが別の絵
  guide build: written 953 KB / facts used 63
GUIDE_FACTS_OK: ガイドの語はアプリの表示（UserFacingFacts）だけから来ている

== guide facts selfcheck ==
  selfcheck 1 一字違いの古い写し:
    FAIL: protected の語「録音」(dock.record) がガイドに文字で書かれている（build.py:131 付近）。fact("dock.record") で引く
    FAIL: 「録音の開始 / 停止」はアプリの語「録音を開始 / 停止」(settings.shortcutRow) と一字違い（build.py:131 付近）。古い写し。fact("settings.shortcutRow") で引く
  selfcheck 2 許可名を文字で:
    FAIL: protected の語「画面収録」(permission.screenRecording) がガイドに文字で書かれている（build.py:141 付近）。fact("permission.screenRecording") で引く
  selfcheck 3 知らない key:
    FAIL: ガイドが知らない fact を引いている: settings.noSuchRow
GUIDE_FACTS_SELFCHECK_OK: 3 つの書き戻しを全部捕まえた

== liquid orb assets fresh ==
LIQUID_ORB_ASSETS_OK

== design tokens fresh ==
design tokens are current

== type scale (no literals) ==
TYPE_LITERALS_OK: 6 つの型の view に字の大きさの直書きは無い（5 scope）

== button hit area ==
BUTTON_HIT_AREA_OK: 228 ファイル、ボタンの高さ・余白はラベルの中

== swift bindings fresh ==
swift bindings are current

== workspace fixture fresh ==
recording-workspace fixture is current

== conventions ==
convention check passed

== C ABI contract (3-way) ==
C ABI contract ok: Rust 21 = header 21, C# が呼ぶ 21 個すべて一致

== native path Tauri-free ==
native product path is Tauri-free: 230 Swift files + genie-core に Tauri 依存なし (Done#8)

== WinUI XAML well-formed ==
xaml well-formed: 5 WinUI .xaml files OK

== C# bridge -> core + gateway ==
CS_OK gateway(GenieSession): signedIn apps=14 library=0 echoArtifact=52bytes
CS_OK bridge->core: version=0.1.4 pkce=S256 authorizeUrl parseCallback elapsed=01:05; geometry matches shared fixture

== Windows C# logic type-check ==
CSLOGIC_OK: Windows C# 実ロジック全体(Window code-behind 含む)が型検査を通過

== C ABI round-trip (C) ==
note: default SDK cannot link here; using /Applications/Xcode.app/Contents/Developer/Platforms/MacOSX.platform/Developer/SDKs/MacOSX.sdk
CABI_OK connector: pkce=S256 authorizeUrl ok nonLoopbackRejected parseCallback ok
CABI_OK api: me=owner meeting=ok agent=COMPLETED apps=[... library=[...
CABI_OK closed=1 ms=5000 fragmentBytes=160000 markedUploaded=1

== macOS recording + live E2E ==
sandbox_extension_issue_file_to_process failed for /Users/shuhei/Projects/astra/apps/genie-macos/.build/Genie.app: 1 (Operation not permitted)
SELFTEST_OK record: closed=1 fragmentBytes=160000 elapsed=00:05 recoverable=1
sandbox_extension_issue_file_to_process failed for /Users/shuhei/Projects/astra/apps/genie-macos/.build/Genie.app: 1 (Operation not permitted)
SELFTEST_OK lifecycle: elapsed=00:05 recovered=true
sandbox_extension_issue_file_to_process failed for /Users/shuhei/Projects/astra/apps/genie-macos/.build/Genie.app: 1 (Operation not permitted)
SELFTEST_OK shortcut: registered=true combo=⌥Space matcher=ok receivedSyntheticPress=true
sandbox_extension_issue_file_to_process failed for /Users/shuhei/Projects/astra/apps/genie-macos/.build/Genie.app: 1 (Operation not permitted)
SELFTEST_OK sysaudio: capturesAudio=true sampleRate=48000 channels=2 excludesSelf=true
sandbox_extension_issue_file_to_process failed for /Users/shuhei/Projects/astra/apps/genie-macos/.build/Genie.app: 1 (Operation not permitted)
SELFTEST_OK calendar: status=未確認 upcoming=0
sandbox_extension_issue_file_to_process failed for /Users/shuhei/Projects/astra/apps/genie-macos/.build/Genie.app: 1 (Operation not permitted)
SELFTEST_OK screen: width=1280 height=800 pixelFormat=BGRA audio=false
sandbox_extension_issue_file_to_process failed for /Users/shuhei/Projects/astra/apps/genie-macos/.build/Genie.app: 1 (Operation not permitted)
SELFTEST_OK rag: order=a,c,b topScore=1.00 reason=語が 1 件一致 · 新しい · このプロジェクト
sandbox_extension_issue_file_to_process failed for /Users/shuhei/Projects/astra/apps/genie-macos/.build/Genie.app: 1 (Operation not permitted)
SELFTEST_OK keychain: roundtrip ok, absent=nil, delete idempotent, service=com.astra.mac
sandbox_extension_issue_file_to_process failed for /Users/shuhei/Projects/astra/apps/genie-macos/.build/Genie.app: 1 (Operation not permitted)
SELFTEST_OK files: candidates=2(binary除外) top=oauth.txt score=0.72
sandbox_extension_issue_file_to_process failed for /Users/shuhei/Projects/astra/apps/genie-macos/.build/Genie.app: 1 (Operation not permitted)
SELFTEST_OK ax: trusted=true selection=nil candidates=0
sandbox_extension_issue_file_to_process failed for /Users/shuhei/Projects/astra/apps/genie-macos/.build/Genie.app: 1 (Operation not permitted)
SELFTEST_OK speech: auth=3 onDeviceCapable=true started=true appendedFrames=true serverFallback=never
sandbox_extension_issue_file_to_process failed for /Users/shuhei/Projects/astra/apps/genie-macos/.build/Genie.app: 1 (Operation not permitted)
SELFTEST_OK connector: pkce=S256✓ authorizeUrl✓ nonLoopbackRejected✓ configured=0
sandbox_extension_issue_file_to_process failed for /Users/shuhei/Projects/astra/apps/genie-macos/.build/Genie.app: 1 (Operation not permitted)
SELFTEST_OK permissions: mic=許可済み screen=許可済み ax=許可済み calendar=未確認 speech=3
sandbox_extension_issue_file_to_process failed for /Users/shuhei/Projects/astra/apps/genie-macos/.build/Genie.app: 1 (Operation not permitted)
SELFTEST_OK shape: path matches shared fixture (14 segments); taskDock content 296.0pt fits dockWidth 296.0pt
sandbox_extension_issue_file_to_process failed for /Users/shuhei/Projects/astra/apps/genie-macos/.build/Genie.app: 1 (Operation not permitted)
SELFTEST_OK hudlifecycle: HUD→Recording→保存→HUD 復帰 の window 状態遷移 OK
sandbox_extension_issue_file_to_process failed for /Users/shuhei/Projects/astra/apps/genie-macos/.build/Genie.app: 1 (Operation not permitted)
SELFTEST_OK panel: 全Space=true fullscreen補助=true borderless=true 透過=true notMain=true
sandbox_extension_issue_file_to_process failed for /Users/shuhei/Projects/astra/apps/genie-macos/.build/Genie.app: 1 (Operation not permitted)
SELFTEST_OK render: VoiceHUD:c496/o1.00 IntentBar:c93/o1.00 RecordingIndicator:c166/o1.00 ConfirmationCard:c91/o0.94 MeetingArtifact:c99/o1.00 ResearchResult:c125/o0.81 MeetingSurface:c58/o1.00 LineagePanel:c130/o0.82 ApprovalCard:c107/o0.77 EvidenceSummary:c131/o0.70 WorkSurface:c122/o0.80 ContextLens:c102/o0.88 HomeView:c103/o1.00 RecordingWorkspace:c51/o0.99 MainWindow:c104/o1.00 Settings:c2/o0.11
sandbox_extension_issue_file_to_process failed for /Users/shuhei/Projects/astra/apps/genie-macos/.build/Genie.app: 1 (Operation not permitted)
SELFTEST_OK pause: 停止中は録音が進まない before=5000 pause=5000 resume=10000
sandbox_extension_issue_file_to_process failed for /Users/shuhei/Projects/astra/apps/genie-macos/.build/Genie.app: 1 (Operation not permitted)
SELFTEST_OK timer: 経過が進む running=2 停止で止まる paused=2 再開で進む resumed=3
sandbox_extension_issue_file_to_process failed for /Users/shuhei/Projects/astra/apps/genie-macos/.build/Genie.app: 1 (Operation not permitted)
SELFTEST_OK aiaction: Agent 応答="「プロジェクト X」のリリースは 9 月 12 日とし、OAuth の確認を鈴木…"
Terminated: 15
VERIFY_ALL_NOT_RUN: terminated; unfinished gates are not validated
